;MMM;AOS;ABT;ABBV;ABMD;ACN;ATVI;ADBE;AAP;AMD;AES;AFL;A;APD;ALB;ARE;ALXN;ALGN;ALLE;LNT;ALL;GOOGL;MO;AMZN;AEE;AAL;AEP;AXP;AIG;AMT;AWK;AMP;ABC;AME;AMGN;APH;ADI;ANSS;ANTM;AON;AIV;AAPL;AMAT;APTV;ADM;ANET;AJG;AIZ;T;ATO;ADSK;ADP;AZO;AVB;BKR;BLL;BAC;BAX;BDX;BRK.B;BIO;BLK;BA;BKNG;BWA;BXP;BMY;AVGO;BR;COG;CPB;COF;CCL;CAT;CDW;CE;CNC;CNP;CERN;CF;SCHW;CHTR;CVX;CMG;CB;CI;CINF;CSCO;C;CFG;CTXS;CME;KO;CTSH;CL;CMCSA;CXO;COP;ED;STZ;CPRT;COST;COTY;CCI;CSX;CMI;CVS;DHI;DHR;DVA;DE;DAL;XRAY;DVN;FANG;DFS;DISCA;DISCK;DISH;DLTR;D;DPZ;DOV;DOW;DTE;DUK;DRE;DD;DXC;EMN;ETN;ECL;EIX;EA;EMR;ETR;EOG;EFX;EQIX;EQR;ESS;EL;RE;EVRG;ES;EXC;EXPD;EXR;XOM;FFIV;FB;FAST;FRT;FDX;FIS;FITB;FISV;FLT;FLIR;FLS;FMC;F;FTNT;FTV;FBHS;FOX;BEN;FCX;GPS;GRMN;IT;GD;GE;GIS;GM;GPC;GILD;GPN;GL;GS;HRB;HAL;HIG;HCA;PEAK;HES;HPE;HLT;HFC;HD;HON;HRL;HPQ;HBAN;HII;IEX;IDXX;INFO;ITW;IR;INTC;ICE;IBM;IFF;IPG;INTU;ISRG;IPGP;IRM;JBHT;JKHY;J;JNJ;JPM;JNPR;KEY;KMB;KIM;KMI;KLAC;KSS;KHC;KR;LB;LRCX;LW;LVS;LEG;LDOS;LEN;LLY;LNC;LIN;LYV;LKQ;LMT;L;LOW;LYB;MTB;MRO;MAR;MLM;MAS;MA;MXIM;MKC;MCD;MCK;MDT;MRK;MET;MTD;MGM;MU;MSFT;MAA;MHK;MDLZ;MNST;MS;MSI;NDAQ;NOV;NTAP;NFLX;NWL;NEM;NWSA;NEE;NLSN;NKE;NI;NSC;NOC;NLOK;NCLH;NRG;NUE;NVDA;NVR;OXY;ODFL;OKE;ORCL;PCAR;PH;PAYX;PAYC;PYPL;PNR;PBCT;PEP;PKI;PFE;PM;PSX;PXD;PNC;PPG;PPL;PFG;PG;PLD;PRU;PEG;PSA;PHM;PVH;QCOM;RL;RJF;RTX;REG;RF;RSG;RMD;ROK;ROL;ROP;ROST;SPGI;CRM;SBAC;SLB;STX;SRE;NOW;SHW;SPG;SLG;SNA;SO;SBUX;STE;SYK;SIVB;SNPS;SYY;TMUS;TROW;TTWO;TPR;TGT;TEL;FTI;TFX;TXN;TXT;BK;CLX;COO;HSY;MOS;TRV;DIS;TMO;TJX;TSCO;TDG;TFC;TWTR;TYL;TSN;USB;UDR;UA;UNP;UAL;UNH;UPS;URI;UHS;UNM;VLO;VAR;VTR;VRSN;VRSK;VZ;VRTX;VFC;VIAC;V;VNO;VMC;WRB;WAB;WBA;WMT;WM;WFC;WELL;WST;WDC;WU;WRK;WY;WHR;WMB;WLTW;WYNN;XEL;XYL;YUM;ZBRA;ZBH;ZION;ZTS
2019;21.77;20.92;41.52;15.9;32.07;26.43;30.28;51.59;23.23;152.87;42.72;11.64;22.32;27.02;14.3;50.93;10.08;50.46;28.87;22.84;7.82;27.23;0.0;80.31;22.35;7.5;23.53;15.27;13.19;53.32;35.26;11.62;27.04;26.38;18.23;28.55;28.55;49.12;16.16;32.5;1.92;23.0;18.66;24.61;18.29;19.12;26.59;22.33;18.92;24.52;223.27;29.36;18.3;35.67;111.66;38.43;12.52;41.75;98.66;6.81;6.35;17.22;0.0;18.24;11.82;39.98;28.21;43.04;33.98;10.44;74.4;9.2;10.31;13.39;28.26;17.7;20.02;19.83;44.0;20.71;17.49;64.51;75.55;67.67;15.65;15.22;8.43;18.16;9.54;10.03;21.6;32.89;25.86;18.59;24.45;15.47;0.0;9.78;21.38;44.09;28.4;34.38;0.0;69.9;17.12;12.07;14.17;11.09;37.74;13.97;16.82;7.93;47.93;0.0;64.49;9.06;11.37;10.59;13.64;0.0;47.25;30.47;24.5;0.0;19.82;17.27;28.87;93.65;0.0;13.97;17.42;35.86;18.96;11.29;21.14;18.42;17.22;0.0;95.82;29.93;43.45;40.46;10.85;22.43;29.47;14.59;22.59;31.49;19.23;21.32;31.87;25.91;26.71;747.51;144.91;8.67;63.88;29.0;40.62;25.08;27.15;457.26;56.79;32.4;21.07;12.53;9.82;0.0;7.53;19.06;59.96;14.31;0.0;14.68;7.89;24.21;14.82;77.01;15.24;10.69;11.68;0.0;10.44;14.6;327.42;0.0;20.25;36.43;10.57;22.63;20.57;22.16;8.06;11.19;18.47;30.63;53.51;58.07;22.6;48.26;12.37;26.64;12.05;31.48;13.13;42.53;51.18;43.26;31.81;22.82;39.38;12.44;20.94;12.46;23.79;11.85;21.39;24.57;20.56;24.5;11.19;19.1;12.23;12.62;21.33;24.08;19.35;19.69;21.02;10.25;14.71;12.97;50.08;0.0;20.52;17.29;17.05;29.01;9.34;11.87;22.78;39.8;28.42;14.61;37.36;21.16;31.55;24.46;0.0;30.61;23.14;8.04;35.23;8.33;15.43;27.19;41.68;13.25;20.25;31.31;9.56;32.06;22.73;0.0;13.24;78.35;75.67;12.3;0.0;30.53;0.0;32.38;30.97;18.59;25.66;2.57;13.58;2.29;13.09;51.29;17.21;0.0;24.72;22.07;17.45;11.24;19.29;27.87;85.68;52.26;21.44;12.55;25.58;47.47;12.43;17.25;15.61;32.87;13.44;25.16;14.29;10.55;72.13;35.2;8.71;17.1;28.14;10.46;10.16;24.45;13.49;11.91;22.71;41.9;10.85;26.4;48.93;25.46;34.74;20.9;24.12;31.52;166.48;185.62;0.0;9.15;20.18;89.06;35.12;20.4;27.3;13.25;13.41;28.16;32.83;37.85;11.55;39.12;23.61;19.46;13.59;41.22;12.9;16.64;19.97;0.0;38.34;23.82;12.68;10.73;23.57;31.15;26.39;0.0;13.4;23.1;35.34;22.44;19.81;43.51;14.34;17.05;82.42;16.01;13.7;71.91;91.33;21.09;7.57;20.19;22.16;10.97;15.7;5.23;14.97;44.24;45.64;37.41;54.75;12.52;48.55;30.2;6.94;34.08;3.87;30.69;19.43;45.71;14.02;22.92;28.59;12.87;25.68;46.83;0.0;10.49;12.49;0.0;7.74;30.56;24.83;119.71;23.42;35.19;23.88;25.62;27.15;12.0;42.18
2018;19.96;15.92;52.67;23.11;67.58;24.56;19.53;48.16;27.22;57.69;7.47;11.54;64.88;20.02;11.74;31.13;295.03;42.65;17.16;18.3;13.46;23.91;11.52;74.61;18.91;10.4;17.98;11.64;0.0;55.07;27.78;7.01;13.16;19.98;14.7;20.62;20.13;29.23;18.04;31.22;1.17;12.67;9.66;15.08;11.96;26.91;20.83;20.75;8.6;22.37;0.0;30.4;15.47;23.0;46.47;34.81;8.99;21.53;67.56;126.04;19.93;14.07;17.53;20.66;7.52;28.28;15.95;7.19;25.24;17.0;59.62;6.21;12.88;11.74;18.88;9.65;24.8;35.78;27.09;33.09;16.38;54.28;12.79;68.32;14.59;17.74;42.4;118.57;7.33;7.65;25.31;30.98;29.59;17.18;20.62;12.96;7.74;10.97;16.11;12.01;26.16;30.0;0.0;75.86;15.71;9.55;24.1;8.3;27.4;65.14;18.05;8.55;0.0;3.26;11.16;7.17;29.81;27.81;8.35;11.44;17.52;29.16;18.16;0.0;16.67;21.14;22.94;14.78;9.5;9.05;13.1;29.67;43.48;17.17;15.67;17.48;14.2;36.88;74.83;34.72;39.01;29.27;89.34;22.39;18.95;20.25;19.0;25.85;12.35;20.0;17.32;18.75;34.27;12.06;39.2;7.14;25.7;21.03;20.9;39.79;19.36;7.67;37.26;6.72;13.86;0.0;8.97;6.6;10.85;16.48;96.12;13.35;0.0;11.36;5.73;16.37;13.9;36.23;12.03;6.33;8.94;13.43;8.53;11.48;11.61;0.0;12.41;28.38;7.66;18.15;14.14;22.31;6.94;8.99;9.57;23.29;43.56;39.78;15.83;15.85;9.97;21.4;10.84;30.86;11.87;42.97;50.47;15.35;21.75;20.56;31.02;27.49;21.94;10.1;15.56;7.82;26.59;12.87;20.71;9.39;11.41;5.75;6.57;10.98;7.78;23.3;15.93;14.63;13.41;8.02;35.64;6.45;46.68;0.0;15.61;14.13;22.96;20.39;5.32;10.51;10.76;20.9;22.69;12.01;33.34;18.97;20.64;22.43;222.89;51.81;31.08;7.65;28.38;29.89;3.18;23.06;46.37;10.2;17.36;27.81;7.93;19.85;28.91;0.0;68.49;99.87;5.37;51.9;0.0;11.92;28.46;56.21;32.03;15.11;14.16;6.52;9.93;46.47;6.52;27.99;12.48;10.0;16.58;16.55;46.03;8.53;13.72;24.88;52.33;49.18;18.57;10.11;11.84;36.66;20.61;11.63;6.63;22.31;10.14;17.81;9.88;7.5;21.23;19.64;7.74;17.19;22.25;7.11;13.46;33.9;18.67;10.77;15.55;36.83;7.98;21.98;36.06;21.18;32.97;29.13;22.97;21.59;128.26;391.19;21.44;6.05;31.32;0.0;33.21;18.93;26.65;11.59;18.38;27.66;33.26;16.41;10.49;31.64;21.07;18.82;12.04;32.37;12.61;13.1;8.83;74.39;59.77;16.05;9.41;11.04;24.27;92.88;18.39;23.47;12.27;14.82;30.71;22.04;18.82;20.81;10.25;18.42;50.63;9.64;10.26;49.6;0.0;16.69;10.79;19.78;16.55;7.79;13.98;11.27;9.23;28.61;46.47;31.15;30.22;13.56;20.51;24.07;8.02;28.12;27.29;25.14;14.33;22.65;14.45;55.25;19.21;9.6;31.51;35.35;13.06;8.44;9.94;20.57;36.22;9.24;28.02;17.91;18.91;21.46;18.96;20.55;14.85;9.31;28.85
2017;26.99;34.21;208.82;25.39;94.65;25.0;172.46;53.53;15.36;342.67;0.0;7.42;31.51;11.86;253.01;76.49;61.02;78.24;27.02;19.58;11.83;58.65;10.92;190.16;25.61;12.97;17.19;32.57;180.95;50.41;36.56;16.7;18.76;24.12;62.56;41.55;41.27;49.36;15.15;27.86;2.41;16.74;16.94;16.42;12.99;44.12;23.46;10.04;6.67;14.76;0.0;28.47;15.33;25.25;0.0;32.94;17.8;48.51;157.22;10.88;62.64;15.77;20.86;37.35;23.42;40.08;94.04;54.88;27.42;124.36;15.06;27.5;16.82;115.53;20.14;16.51;21.51;6.18;25.74;25.68;30.56;9.37;22.62;46.92;16.66;23.25;10.96;16.02;12.84;11.39;25.33;11.23;153.93;27.06;30.77;7.89;22.95;0.0;15.4;22.74;28.35;27.78;0.0;97.96;8.73;27.18;10.21;18.41;25.9;21.0;18.9;10.69;39.15;14.37;24.27;13.23;11.15;10.61;11.76;21.73;14.4;31.44;14.93;0.0;15.62;16.93;5.49;0.0;0.0;8.31;10.69;25.3;32.61;32.79;25.75;32.1;23.05;23.56;143.08;35.5;33.64;43.1;18.55;21.39;18.61;9.01;23.06;20.96;15.33;20.19;32.74;24.92;30.14;20.42;23.21;9.49;22.61;24.27;57.25;30.91;22.72;5.65;257.0;20.29;21.48;0.0;30.28;14.82;11.03;14.88;4105.0;19.88;27.9;18.3;18.68;20.69;18.45;33.43;7.19;28.04;11.27;179.09;39.11;14.35;26.25;0.0;60.6;20.21;10.27;21.31;67.37;18.47;13.19;12.88;21.48;29.18;53.19;43.79;31.77;0.0;21.66;16.01;21.78;38.31;12.02;38.98;64.25;33.67;43.53;18.07;25.54;32.94;332.67;15.42;32.31;15.93;17.08;17.71;1539.3;23.63;9.66;7.44;11.4;11.23;19.14;24.27;17.49;19.97;25.78;18.06;37.89;7.58;34.0;2177.5;23.65;43.53;14.27;18.13;6.63;18.1;0.0;36.57;19.08;25.63;40.82;36.01;26.15;25.14;6.68;20.77;55.38;13.16;43.51;9.4;6.68;56.34;31.62;21.26;20.98;44.26;15.68;20.53;16.82;0.0;17.34;153.57;4.76;231.69;0.0;12.85;26.9;25.27;59.97;7.3;25.5;10.17;16.09;0.0;13.99;50.91;27.58;36.23;23.14;32.44;20.03;13.24;29.49;26.24;70.46;50.08;12.54;16.76;32.49;27.44;8.75;22.86;9.07;34.39;12.59;17.57;15.97;7.85;22.52;19.44;5.58;14.99;28.01;22.17;18.8;28.21;85.88;20.54;20.94;70.25;15.48;16.92;41.12;64.7;36.5;27.15;19.81;28.48;10234.0;188.19;158.82;16.32;96.18;0.0;21.5;23.24;98.4;16.98;49.2;17.9;29.73;55.83;25.38;101.79;24.97;12.19;16.2;69.48;35.97;11.23;25.85;42.66;75.06;26.9;49.38;13.38;22.75;31.93;28.87;21.94;17.24;14.83;33.64;18.19;21.73;20.18;16.3;0.0;42.46;10.05;13.77;80.22;48.45;9.35;9.53;19.66;19.2;10.94;14.38;11.22;8.65;88.92;13.65;31.01;28.7;6.24;144.1;39.52;61.76;37.22;78.85;27.92;15.87;29.26;18.22;21.75;18.55;13.39;43.47;48.89;60.36;36.82;8.28;41.51;33.45;9.53;34.5;21.82;19.53;35.71;20.43;324.38;13.08;17.96;40.43
2016;19.42;24.1;38.41;14.37;105.31;16.55;29.09;44.31;26.96;0.0;23.51;9.85;29.76;50.8;14.26;59.24;69.91;41.08;25.93;20.41;14.67;28.47;7.28;152.72;17.66;9.44;44.38;12.32;119.97;49.63;25.54;12.89;12.16;21.59;12.84;24.76;21.26;30.93;14.88;20.72;1.78;13.14;17.56;11.91;18.43;38.86;20.55;9.5;15.81;18.93;0.0;25.22;18.71;20.56;0.0;42.15;14.74;4.73;26.03;16.68;191.87;18.16;18.86;34.36;72.45;34.12;19.44;206.49;25.27;0.0;22.7;11.86;12.33;45.88;19.5;11.8;17.94;21.56;25.27;73.36;28.85;18.63;112.93;465.83;13.75;18.51;19.0;12.77;11.41;15.68;20.37;22.38;24.23;21.13;21.88;17.95;0.0;0.0;15.48;22.17;16.19;24.61;258.18;79.96;18.84;14.78;14.24;10.49;20.81;14.97;16.97;7.88;28.15;0.0;0.0;11.37;13.98;13.66;18.93;22.29;18.7;35.62;17.13;0.0;17.9;20.95;26.22;0.0;0.0;11.43;13.91;27.07;15.57;19.37;20.04;9.1;0.0;27.98;188.16;4.86;33.06;25.37;8.31;21.33;16.57;25.16;21.29;23.06;39.24;26.03;35.29;24.19;35.46;26.66;41.72;12.12;25.61;29.86;27.98;40.01;34.42;8.66;200.8;0.0;19.59;0.0;10.69;0.0;14.64;15.96;45.94;16.62;31.57;19.4;5.08;18.39;6.27;79.25;15.81;13.69;12.32;0.0;19.49;9.81;18.4;0.0;8.32;75.75;10.57;17.85;16.92;21.54;9.03;16.76;14.28;24.2;47.87;296.87;19.5;0.0;15.53;22.59;11.18;21.33;13.33;27.9;33.93;20.35;52.87;24.49;25.87;29.68;17.74;12.38;16.51;19.79;16.79;25.26;68.85;13.04;11.09;25.8;13.56;14.93;17.72;0.0;21.65;15.32;19.8;10.62;26.13;11.89;20.82;0.0;20.57;13.14;24.51;22.64;6.68;18.13;0.0;29.44;32.23;20.47;27.34;19.84;22.9;20.34;15.94;25.09;25.75;68.02;29.33;14.17;41.03;27.58;31.41;16.01;38.78;37.16;13.1;23.57;100.38;0.0;27.53;294.76;32.44;599.83;35.65;17.54;26.28;21.02;19.61;17.79;17.92;4.11;15.3;0.0;23.08;36.79;16.04;0.0;23.73;26.54;18.18;37.0;20.16;24.13;61.47;34.03;12.41;17.62;21.32;24.14;22.84;16.47;25.5;0.0;14.22;27.07;9.9;10.96;13.59;21.0;9.07;21.8;28.55;9.78;14.92;17.32;47.8;16.53;16.4;41.55;14.47;29.96;25.71;21.28;27.84;27.82;22.24;0.0;250.53;167.71;50.34;17.99;16.75;0.0;22.02;24.51;38.25;16.93;15.77;26.4;39.23;26.29;23.48;34.28;27.03;34.23;14.38;616.13;16.97;10.75;11.36;138.5;31.59;19.58;13.66;13.65;21.73;31.46;28.08;33.3;10.82;18.01;27.41;20.47;21.86;25.11;14.78;0.0;61.81;11.54;13.98;29.27;0.0;18.82;10.52;20.16;26.02;16.27;14.71;9.76;11.61;22.67;27.49;22.18;23.21;13.72;0.0;25.09;21.23;30.08;16.27;41.23;13.12;24.18;19.93;13.88;24.8;12.07;19.68;43.31;33.12;37.3;83.29;19.48;13.91;0.0;50.58;33.65;16.38;32.48;14.73;0.0;68.01;19.67;31.64
2015;17.17;22.5;13.95;15.22;31.79;20.7;31.19;73.76;23.17;0.0;18.41;9.08;30.24;17.78;17.31;47.7;250.99;37.2;39.52;15.94;11.24;33.94;16.45;545.07;14.59;3.58;11.73;12.7;38.15;62.34;20.66;11.04;60.12;21.12;15.68;20.65;24.31;33.51;13.97;17.88;2.66;10.35;13.84;13.49;10.47;46.89;17.82;35.12;10.87;18.03;183.32;23.58;21.11;28.31;62.83;35.05;11.14;20.65;43.94;13.51;36.02;15.24;17.42;25.65;14.77;29.52;61.39;22.03;20.58;348.66;21.15;9.34;19.51;17.01;16.89;32.05;22.77;12.53;38.11;11.69;30.09;0.0;29.62;31.8;12.16;18.18;13.43;13.1;8.62;14.43;29.27;20.57;21.83;21.77;39.23;15.82;174.92;23.81;13.24;26.06;21.3;26.89;26.24;16.24;11.94;9.69;18.38;14.62;14.38;56.67;12.16;8.18;33.38;0.0;23.23;9.32;16.89;15.96;35.52;53.24;17.03;30.58;8.17;0.0;16.75;14.25;9.94;0.0;0.0;10.29;10.35;32.61;16.0;35.74;10.85;12.8;32.46;29.5;130.66;25.37;59.47;26.77;7.38;18.66;15.9;9.1;17.62;46.61;15.98;18.97;81.77;19.95;41.19;40.21;25.91;8.36;30.59;37.12;15.07;19.14;10.12;6.5;623.4;0.0;26.99;0.0;9.25;0.0;9.52;13.1;43.82;13.57;0.0;19.77;4.73;15.92;7.23;0.0;13.12;13.74;18.41;106.39;9.84;13.15;49.97;12.47;0.0;14.61;8.62;20.52;14.91;24.04;4.2;11.45;14.13;19.75;35.57;57.51;16.05;0.0;12.87;21.11;8.23;21.2;17.5;62.19;35.19;19.6;32.9;19.1;26.68;20.31;16.47;9.51;15.27;10.71;39.4;10.24;75.4;18.35;9.75;0.0;16.87;18.82;15.06;0.0;14.3;15.51;10.92;14.47;33.28;9.75;17.26;0.0;21.47;16.63;55.74;21.31;6.17;14.82;23.74;20.05;30.43;26.07;28.17;54.48;25.13;21.58;22.45;34.93;29.13;7.86;27.09;0.0;8.8;36.29;17.29;22.85;9.12;53.2;9.7;19.69;21.19;10.78;23.07;402.32;28.36;38.43;36.19;15.15;25.53;30.35;18.46;14.91;16.79;10.19;31.68;80.65;31.02;25.64;18.22;0.0;16.29;15.23;17.19;8.77;14.66;23.09;101.7;0.0;11.91;15.05;23.49;27.95;20.46;15.38;8.84;22.55;11.17;17.65;26.53;9.1;23.08;22.62;5.46;9.82;34.4;12.09;15.36;13.92;18.24;16.32;9.82;41.73;10.94;18.74;20.37;15.54;22.75;26.85;19.82;0.0;0.0;0.0;36.7;13.76;15.01;0.0;22.19;28.67;33.85;18.96;14.29;33.64;47.52;23.15;17.96;35.2;27.37;47.71;13.51;0.0;21.11;0.0;10.53;16.15;25.14;17.11;16.59;13.6;21.5;36.75;34.29;9.12;9.21;18.5;28.45;20.92;26.58;21.07;12.45;0.0;97.93;14.6;11.62;24.83;0.0;12.81;2.94;18.1;15.37;11.89;17.42;8.17;7.14;17.55;34.93;30.98;25.2;8.37;0.0;25.62;14.89;27.4;18.29;56.0;12.77;16.84;17.72;10.84;28.85;11.09;22.78;45.08;10.7;9.19;0.0;28.25;12.89;58.04;0.0;36.62;15.93;18.31;16.35;0.0;273.74;20.49;68.15
2014;18.47;22.61;26.83;46.57;86.5;16.63;16.92;150.37;23.35;56.83;10.4;8.13;25.64;24.46;32.32;73.56;56.76;31.59;29.01;15.94;10.0;25.23;13.93;854.68;16.06;12.96;14.72;15.19;9.34;43.74;20.05;13.71;1020.25;21.3;20.42;22.92;21.71;30.26;12.86;19.03;1.77;13.55;22.51;12.74;12.62;0.0;20.75;9.35;19.74;16.06;108.57;24.41;17.7;25.81;8.74;19.66;42.16;8.06;21.88;18.63;39.53;16.04;15.36;24.93;17.54;38.23;41.62;73.89;19.89;116.45;13.41;9.75;23.69;12.94;23.2;13.35;23.08;12.94;42.32;8.52;29.37;0.0;8.54;48.44;11.97;13.14;13.47;13.64;20.02;0.0;33.53;20.98;21.82;21.46;25.5;16.2;20.27;10.49;14.25;23.06;23.06;25.12;0.0;60.49;16.98;13.38;20.93;15.3;17.3;22.68;8.66;59.05;22.94;13.88;16.13;11.69;13.56;20.25;35.91;20.74;26.74;31.04;11.06;0.0;13.85;24.26;26.65;0.0;0.0;12.92;14.68;24.88;10.86;17.78;16.28;13.14;16.11;25.39;66.89;29.47;81.59;24.45;5.73;16.14;0.0;16.01;21.37;31.02;9.28;29.45;70.93;23.98;45.96;21.03;24.5;10.09;23.82;35.16;21.14;14.22;22.96;14.54;204.4;0.0;44.69;0.0;11.46;14.06;11.23;22.73;41.69;16.29;14.1;17.65;17.04;19.34;10.74;0.0;12.57;10.33;15.02;8.53;21.05;17.04;14.66;8.85;0.0;36.73;21.55;19.24;16.0;21.48;5.18;11.82;15.02;20.83;41.65;0.0;11.31;0.0;13.22;23.75;10.47;17.64;14.99;29.25;47.27;19.66;15.28;25.07;23.02;16.95;15.68;9.94;15.99;11.38;23.66;21.03;34.1;23.74;10.47;0.0;15.39;16.5;17.47;0.0;12.66;51.3;0.0;16.38;26.9;8.78;19.89;1201.0;22.68;14.64;26.2;20.32;6.57;14.59;5.76;28.59;41.08;8.64;26.83;32.75;19.9;16.48;27.0;20.89;11.53;7.2;26.35;71.68;11.63;16.7;30.93;21.43;25.43;38.98;11.3;11.54;17.96;10.32;19.17;79.07;23.0;16.93;32.31;16.3;36.83;27.48;8.12;15.03;13.73;8.26;28.69;116.26;18.39;18.38;19.84;83.69;24.66;22.53;16.07;14.21;15.9;21.93;0.0;0.0;34.81;13.71;18.57;30.9;16.68;12.59;7.01;22.59;10.6;14.03;9.62;11.34;22.99;30.36;23.03;11.15;28.75;15.68;27.06;12.82;20.29;15.49;14.67;28.66;11.16;23.05;20.85;16.07;21.38;23.56;18.07;0.0;0.0;0.0;17.06;7.8;20.0;0.0;28.26;30.56;17.91;16.9;16.9;22.42;27.58;55.73;21.7;24.99;22.9;92.9;15.57;6.93;15.07;21.3;12.76;14.8;27.39;17.78;19.47;13.31;22.58;29.64;23.88;15.14;8.58;19.55;26.07;19.37;27.4;43.96;11.69;0.0;65.93;15.09;12.3;41.72;0.0;18.18;23.97;16.14;28.08;19.69;20.14;18.58;5.63;19.97;28.97;22.62;26.78;14.07;0.0;30.68;9.29;28.2;16.48;40.6;9.46;23.23;27.66;13.49;16.06;11.02;39.81;29.2;14.2;9.07;0.0;8.93;20.05;10.82;0.0;18.29;14.66;19.2;20.33;122.87;25.79;14.73;35.62
2013;17.16;26.72;20.55;15.5;140.74;13.51;17.79;99.61;20.39;0.0;81.83;8.37;16.25;18.63;11.39;32.08;105.46;74.21;0.0;12.76;9.97;29.48;11.78;687.57;24.72;0.0;12.01;16.66;7.12;50.65;17.75;15.09;48.69;23.91;14.46;21.27;19.4;33.67;10.21;21.96;1.75;12.41;75.51;11.95;17.43;0.0;18.9;9.09;6.84;14.1;36.94;20.72;16.05;33.89;13.67;17.86;13.71;9.28;20.98;15.03;46.3;15.82;19.53;32.28;18.71;16.47;28.22;17.3;17.12;54.48;28.86;9.7;21.77;12.77;0.0;6.96;20.19;24.27;48.42;7.67;30.85;0.0;8.4;50.93;8.1;16.79;13.42;9.74;10.55;0.0;27.18;20.28;17.34;24.0;23.28;17.91;44.08;7.72;11.77;6.91;23.7;22.77;0.0;207.38;13.78;14.63;16.19;13.74;14.81;21.45;7.67;2.0;21.54;0.0;39.47;9.71;15.22;28.24;32.91;21.31;16.62;26.26;9.66;0.0;13.9;13.58;24.78;0.0;0.0;8.98;15.47;30.63;13.17;35.44;20.21;11.9;19.31;22.07;87.18;6.78;29.2;27.47;5.25;12.98;0.0;10.59;23.61;21.84;10.19;25.96;92.63;25.91;33.29;24.94;28.9;8.4;24.15;34.77;22.32;20.47;32.37;6.25;73.58;0.0;31.54;0.0;12.49;12.96;10.77;11.51;37.01;12.34;16.78;14.59;13.44;15.39;34.52;0.0;8.61;10.29;14.06;18.4;111.68;13.78;10.82;4.92;0.0;0.0;10.28;17.89;15.54;19.57;3.45;10.76;15.8;21.61;30.57;0.0;19.07;0.0;11.36;51.08;9.5;17.34;23.77;23.32;22.96;26.04;39.53;25.23;23.68;19.08;15.81;11.07;22.82;11.23;14.51;32.12;22.85;13.16;10.21;0.0;12.63;15.95;24.71;0.0;20.95;18.26;0.0;16.22;9.96;9.7;19.13;0.0;31.94;13.44;30.29;20.95;7.58;11.96;12.63;22.57;36.04;24.52;31.19;16.37;20.69;14.33;30.76;13.34;27.68;13.02;24.28;0.0;13.44;11.98;16.83;31.02;13.85;34.57;19.02;14.38;15.68;11.86;20.18;201.21;16.0;11.22;0.0;15.97;19.07;23.29;6.09;13.17;12.21;8.0;77.11;13.46;28.4;18.57;18.4;8.93;21.75;28.04;13.49;14.21;16.75;21.62;0.0;0.0;17.53;14.79;15.65;27.36;7.16;11.64;10.21;45.23;8.7;7.74;11.44;12.98;17.58;44.44;36.69;10.12;24.34;2.73;40.99;15.16;19.21;16.95;15.45;25.85;10.54;17.56;18.83;18.03;21.49;24.77;18.54;0.0;0.0;0.0;14.48;8.59;18.14;0.0;23.65;24.86;65.78;16.07;15.87;29.02;20.34;26.11;22.36;23.05;18.11;123.67;17.39;6.16;12.87;13.88;15.61;23.26;25.75;19.1;20.74;17.24;18.06;21.63;22.85;23.86;7.88;19.32;31.3;18.83;30.57;33.04;13.68;0.0;90.38;12.81;11.07;107.33;0.0;15.37;29.1;12.26;18.35;21.47;15.49;8.98;7.73;17.05;23.14;16.89;31.94;8.88;0.0;28.14;18.87;27.07;23.99;312.92;10.62;23.82;17.48;12.45;181.17;9.36;131.27;29.7;9.75;9.42;0.0;25.96;12.71;40.69;0.0;23.13;11.68;25.61;20.06;20.48;19.87;16.71;30.81
2012;11.83;16.58;7.21;0.0;39.53;14.74;9.94;20.85;13.57;0.0;55.36;7.17;7.38;11.49;17.3;49.32;73.81;27.48;0.0;11.66;7.39;21.95;10.62;3633.14;29.2;0.0;12.3;13.14;20.16;41.69;15.67;11.12;13.1;18.91;12.94;17.71;15.01;31.47;6.65;17.06;4.51;10.5;152.51;8.79;10.51;0.0;17.47;5.25;17.57;11.42;30.05;14.43;15.79;24.25;8.27;16.37;41.17;7.56;9.14;15.0;17.77;12.25;12.33;22.39;15.5;39.41;22.38;11.93;18.57;53.13;11.75;8.0;18.47;8.36;0.0;10.2;91.24;14.59;33.67;5.7;19.03;0.0;5.86;34.0;8.39;9.5;11.76;8.53;14.55;0.0;27.44;6.12;14.34;20.57;16.9;14.14;19.01;6.71;10.57;15.64;19.86;19.63;0.0;89.16;9.54;10.0;13.32;6.41;12.11;20.24;9.3;8.86;17.25;32.27;0.0;27.1;12.75;23.49;25.82;16.01;37.14;21.06;8.51;0.0;12.84;16.86;0.0;0.0;0.0;18.3;11.92;27.89;0.0;30.85;14.84;9.56;52.99;22.03;60.43;14.0;34.23;23.34;5.89;11.6;0.0;15.76;22.52;24.12;6.44;27.76;0.0;26.61;34.57;13.35;20.16;7.2;17.76;21.37;13.56;14.95;17.65;6.29;52.55;0.0;36.98;0.0;10.34;9.07;14.03;10.92;26.45;8.17;12.83;11.42;7.61;12.15;18.78;0.0;5.9;7.99;10.87;10.64;30.73;8.39;14.48;7.1;0.0;0.0;3.89;18.12;14.05;13.57;3.42;6.96;13.41;98.87;29.27;0.0;8.32;0.0;7.66;15.02;9.92;18.24;9.01;19.82;30.72;23.72;20.1;21.39;18.85;13.67;14.62;6.59;47.52;7.62;14.22;31.6;70.71;7.55;8.93;0.0;16.05;13.5;56.95;0.0;18.08;12.19;0.0;11.86;10.94;4.85;16.51;0.0;24.11;8.75;27.19;16.76;7.2;10.72;11.95;19.62;47.87;0.0;21.37;18.43;18.22;13.09;13.8;10.78;14.76;20.03;21.06;2.43;0.0;12.3;18.83;25.13;12.88;28.4;10.07;15.87;10.69;9.38;17.75;318.73;12.78;11.15;0.0;12.23;32.23;19.93;5.5;9.6;7.49;4.87;0.0;9.11;21.29;13.61;26.15;9.03;17.19;13.92;13.46;10.9;10.88;16.21;0.0;0.0;92.55;11.75;13.84;50.0;9.14;10.89;0.0;69.33;8.86;19.74;6.94;8.4;12.05;135.95;59.08;9.03;28.41;30.67;18.73;12.78;17.15;15.06;12.07;86.66;8.27;15.64;18.39;14.1;17.02;21.96;17.12;0.0;0.0;0.0;13.5;2.67;16.03;0.0;21.96;22.45;33.63;12.99;11.02;25.28;11.52;14.54;14.35;26.39;13.66;6.18;15.34;0.0;11.81;11.04;12.57;22.51;0.0;16.6;12.2;10.61;13.81;18.92;20.78;45.86;9.49;14.65;19.25;16.06;21.13;14.14;8.36;0.0;48.44;10.6;9.05;20.09;0.0;12.86;31.19;9.05;72.31;71.13;10.41;5.32;6.25;16.21;31.36;19.81;26.19;96.56;94.73;18.7;14.06;40.21;15.06;0.0;9.08;16.25;12.55;12.71;15.68;7.92;43.75;22.61;4.2;6.1;0.0;29.37;16.38;14.78;0.0;19.06;11.02;15.26;12.09;16.59;14.53;19.35;0.0
2011;10.73;5.4;7.61;0.0;0.0;13.65;12.35;16.62;13.28;8.31;153.26;8.25;8.66;11.39;9.32;30.2;78.57;28.58;0.0;11.95;15.05;20.72;11.3;126.35;11.34;0.0;7.33;10.02;2.21;51.66;13.74;9.1;12.39;16.66;12.9;13.71;10.31;29.99;8.02;14.77;0.0;9.95;7.12;0.0;13.42;0.0;20.45;6.06;27.41;11.82;29.57;14.19;16.03;20.69;7.3;12.55;0.0;5.88;11.73;18.43;15.34;11.39;11.25;22.65;12.87;39.4;12.44;12.32;14.03;60.86;10.52;5.36;10.62;9.46;0.0;9.94;18.67;4.43;33.87;5.23;14.24;0.0;5.53;49.96;12.12;8.63;21.95;12.19;6.35;0.0;25.12;5.99;14.3;21.61;15.19;13.35;17.39;4.62;12.26;6.16;18.3;19.7;0.0;68.13;10.62;7.29;13.01;30.13;10.99;15.25;9.31;7.19;19.43;4.68;0.0;0.0;7.29;13.42;8.2;21.32;15.12;16.86;6.82;0.0;9.49;11.61;77.51;0.0;0.0;6.44;8.26;27.22;9.57;0.0;11.23;6.57;22.1;18.17;50.11;12.46;87.57;24.09;19.94;14.98;0.0;8.1;20.16;33.42;7.09;34.01;0.0;28.14;30.5;13.87;15.13;8.27;17.91;16.97;16.01;11.2;15.18;1.46;56.65;0.0;0.0;0.0;8.17;6.3;8.55;10.61;25.2;7.84;11.01;12.43;3.39;13.1;9.7;0.0;5.58;17.88;10.11;9.65;10.55;3.22;18.73;9.82;0.0;0.0;2.47;12.53;16.58;14.18;2.87;7.0;0.0;13.94;27.68;0.0;9.06;0.0;7.76;15.92;10.28;13.37;7.54;24.08;37.64;13.97;8.61;19.57;18.04;14.06;14.68;5.75;22.47;6.96;13.22;39.68;31.89;6.84;8.8;0.0;10.11;8.81;10.05;0.0;18.29;16.07;0.0;36.84;8.26;20.86;16.26;0.0;21.18;7.8;13.68;13.07;5.03;9.53;6.02;50.12;38.15;0.0;23.94;12.31;14.65;14.64;14.1;9.09;13.88;3.32;17.95;1.77;39.4;7.7;34.25;23.75;10.3;30.01;11.4;11.49;9.78;11.52;21.27;16.26;31.05;68.74;0.0;10.33;130.35;18.39;6.78;10.81;6.48;6.36;0.0;20.96;12.26;13.1;29.44;7.33;16.42;13.96;15.15;9.5;9.28;14.39;0.0;0.0;57.63;14.97;12.68;1901.42;11.56;10.54;0.0;12.28;8.06;10.51;6.5;8.49;14.86;189.11;5.08;7.89;30.26;0.0;18.5;16.03;17.33;12.77;10.78;80.19;16.75;14.13;15.18;11.98;18.84;18.98;14.99;0.0;723.55;0.0;14.64;4.98;7.44;0.0;19.7;24.26;6.89;8.98;11.87;23.81;12.17;12.71;12.13;18.36;11.52;7.02;14.87;23.51;14.43;9.74;9.47;29.61;7.07;12.33;23.27;8.07;12.57;19.08;18.32;0.0;14.23;12.72;12.47;15.23;21.01;10.96;10.4;0.0;35.85;11.32;8.67;903.31;0.0;13.06;9.48;9.33;14.86;22.22;9.28;23.52;3.85;17.76;22.21;40.59;24.29;30.75;830.25;18.26;12.32;17.6;12.79;0.0;10.56;19.1;9.12;9.63;12.51;7.41;39.07;16.35;8.56;7.32;0.0;18.42;7.59;25.49;0.0;16.93;11.79;0.0;12.98;11.15;12.29;17.17;0.0
2010;11.7;13.72;6.43;0.0;0.0;12.69;36.46;18.66;16.28;13.19;236.49;8.88;13.04;13.68;13.5;27.0;76.71;20.35;0.0;10.01;15.12;22.64;7.76;71.15;33.76;0.0;9.67;11.01;0.0;47.04;13.04;10.6;12.81;18.38;9.21;17.22;11.17;31.75;7.06;30.96;0.0;15.54;14.45;0.0;9.85;0.0;13.08;13.21;4.94;11.55;42.59;13.29;16.2;39.2;16.87;12.19;0.0;6.53;12.78;15.12;15.76;13.86;11.72;38.46;21.23;54.71;10.72;11.59;15.74;35.43;11.23;6.11;12.6;17.13;0.0;14.8;13.48;9.82;33.58;21.79;32.15;0.0;6.51;37.71;5.4;7.45;9.64;12.58;12.06;0.0;36.7;14.69;9.55;29.61;14.75;14.14;38.34;4.91;9.58;17.8;18.6;16.96;0.0;0.0;13.13;16.28;11.33;97.16;12.98;17.68;14.05;15.99;17.72;6.37;0.0;0.0;13.54;23.82;8.03;18.07;6.09;9.41;8.61;0.0;8.41;11.41;0.0;0.0;0.0;10.98;13.56;19.98;7.28;0.0;14.47;6.88;131.91;14.68;83.21;34.27;74.97;23.64;6.26;10.95;0.0;7.19;29.92;41.28;8.08;59.71;0.0;25.69;29.09;19.97;20.24;17.75;17.91;0.0;16.88;14.76;30.35;7.16;61.04;0.0;0.0;0.0;11.24;10.41;8.08;7.09;34.58;8.25;12.84;10.38;0.0;12.76;9.24;0.0;5.73;11.03;5.35;17.27;9.4;0.0;20.41;10.14;0.0;0.0;12.94;13.11;18.6;12.93;3.94;27.16;0.0;17.63;29.21;0.0;13.88;0.0;7.58;20.32;9.14;13.9;17.9;24.75;27.22;27.71;14.39;23.69;16.97;23.25;9.72;8.11;28.17;15.45;9.73;49.53;0.0;7.91;10.22;0.0;10.7;7.14;8.66;0.0;61.38;13.67;0.0;28.92;5.62;9.02;20.2;0.0;19.59;6.35;11.94;13.18;0.0;11.74;5.24;28.59;38.94;0.0;15.15;14.92;13.12;12.53;15.37;9.85;91.87;9.19;22.17;0.0;4.08;9.48;77.57;21.1;6.88;22.83;9.41;5.94;10.5;13.34;29.5;59.35;14.6;11.23;0.0;8.19;0.0;18.31;4.71;12.44;6.97;8.84;0.0;9.26;76.0;30.73;20.68;11.25;23.22;9.38;17.75;32.2;13.77;14.84;0.0;0.0;10.26;36.94;12.45;7.42;11.16;9.31;0.0;16.36;8.19;15.28;7.07;11.3;12.86;385.81;7.24;6.98;30.98;0.0;223.76;17.31;15.48;12.73;13.16;40.98;0.0;17.59;21.83;15.46;18.67;21.65;12.18;0.0;211.04;0.0;19.24;3.85;12.9;0.0;17.85;30.39;14.61;14.46;10.14;19.96;46.69;14.69;23.68;16.29;11.19;15.69;19.03;11.15;14.94;10.23;11.47;27.09;9.62;9.62;88.88;11.96;11.81;20.22;16.91;0.0;6.47;14.62;20.92;11.94;19.29;16.07;16.58;0.0;29.66;6.23;12.01;0.0;0.0;13.61;15.47;7.55;15.46;0.0;17.7;6.97;26.84;19.87;18.3;6.41;25.67;17.08;0.0;14.69;15.6;15.54;13.36;204.94;7.78;19.91;12.04;10.55;14.03;10.46;34.52;20.06;5.88;9.9;0.0;3.53;8.57;17.04;0.0;57.6;10.3;0.0;12.12;21.46;16.72;0.0;0.0
2009;13.64;13.03;5.74;0.0;0.0;13.94;142.25;47.41;13.9;53.78;10.44;11.06;32.78;15.09;15.69;16.53;15.11;38.43;0.0;20.24;15.1;30.44;7.04;66.27;6.52;0.0;7.53;22.35;0.0;59.04;0.0;10.44;12.01;16.24;10.08;23.19;22.64;34.22;4.97;13.05;0.64;20.99;18.04;0.0;14.09;0.0;12.44;6.45;7.01;9.31;86.7;10.66;11.92;29.88;17.34;11.56;493.51;7.16;12.91;18.99;18.55;28.54;23.53;22.11;130.07;27.08;3.3;0.0;11.39;28.24;10.31;49.11;10.7;29.84;0.0;8.95;11.2;9.11;35.34;9.61;24.09;0.0;9.58;22.32;5.15;7.43;6.59;17.42;0.0;0.0;31.42;17.43;13.83;24.53;14.53;10.88;29.9;8.3;9.21;0.0;19.5;18.12;0.0;0.0;13.53;16.4;10.14;0.0;15.73;14.47;17.39;0.0;17.93;0.0;0.0;0.0;11.89;20.56;13.15;14.1;10.1;5.16;11.58;0.0;8.82;12.7;23.4;0.0;0.0;24.58;19.88;22.67;9.38;0.0;13.69;8.05;40.71;14.48;51.55;16.4;20.45;21.04;5.11;10.01;0.0;7.58;27.05;21.63;11.47;42.38;0.0;25.26;29.83;167.47;29.14;10.27;15.84;0.0;19.59;10.49;15.89;10.76;0.0;0.0;0.0;0.0;15.07;10.92;11.29;5.72;21.22;8.53;10.74;9.69;0.0;10.86;12.86;0.0;5.42;6.62;8.18;20.01;0.0;0.0;36.85;22.69;0.0;0.0;37.71;14.32;10.34;11.61;5.28;0.0;0.0;18.96;26.59;0.0;19.67;0.0;18.99;24.05;9.26;13.34;36.49;20.3;51.17;138.05;11.15;27.19;15.53;12.71;10.62;13.99;55.23;0.0;9.3;7.75;0.0;0.0;13.67;0.0;81.73;25.16;0.0;0.0;0.0;17.9;0.0;0.0;6.28;0.0;15.88;0.0;22.01;6.75;25.96;13.69;0.0;17.33;7.5;67.81;41.15;0.0;21.52;54.4;12.6;11.0;13.01;13.77;4.65;5.58;20.87;0.0;0.0;13.16;36.68;0.0;6.81;17.38;0.0;0.0;13.54;9.8;53.52;27.68;11.53;14.76;0.0;9.55;0.0;18.79;5.22;14.67;7.6;21.39;0.0;6.04;19.01;0.0;22.92;14.26;32.16;7.84;16.63;80.97;25.42;15.49;0.0;0.0;14.97;32.65;11.67;26.16;9.02;8.8;0.0;26.76;9.33;23.63;16.32;8.64;10.3;0.0;4.67;6.88;16.28;0.0;21.54;27.79;17.09;17.88;13.04;21.11;0.0;16.5;20.27;29.55;12.87;19.02;12.61;0.0;96.19;0.0;19.31;16.81;8.8;0.0;14.42;46.0;57.34;14.5;9.65;25.81;11.41;15.68;60.38;19.15;10.53;10.45;23.73;0.0;13.5;12.44;0.0;18.79;6.18;17.32;93.86;32.86;10.68;12.6;14.51;0.0;5.92;16.05;22.66;13.1;14.93;10.03;15.52;0.0;27.27;0.0;17.92;0.0;0.0;13.63;0.0;7.97;19.23;0.0;11.0;5.86;0.0;15.85;13.02;16.13;0.0;14.22;0.0;16.04;36.11;23.89;104.32;216.9;10.8;16.39;14.12;10.99;12.21;11.29;16.68;16.64;8.5;11.13;0.0;0.0;14.02;20.64;0.0;254.3;9.71;0.0;9.07;35.44;16.42;0.0;0.0
2008;8.47;9.28;6.58;0.0;0.0;8.77;258.13;14.57;12.95;0.0;3.16;12.94;7.87;10.53;8.77;13.4;96.51;7.35;0.0;7.13;108.74;22.88;3.27;34.19;7.1;0.0;5.93;6.69;0.0;29.57;0.0;11.45;18.57;8.61;11.87;9.4;5.87;21.62;7.59;8.23;0.23;12.01;14.47;0.0;6.32;0.0;21.05;6.2;6.57;7.98;12.92;10.7;10.63;7.76;3.47;11.44;19.79;7.28;11.9;29.9;23.17;16.73;8.74;18.46;30.06;36.08;5.84;0.0;7.07;11.56;8.57;9.82;5.38;5.58;0.0;6.85;10.48;5.78;16.7;3.15;13.22;0.0;3.98;26.15;11.22;16.22;6.95;10.07;0.0;0.0;19.3;10.4;12.49;11.93;14.08;15.86;6.71;3.0;5.06;0.0;19.61;13.08;0.0;0.0;7.67;4.96;10.43;0.0;10.35;14.04;6.24;0.0;13.92;5.6;0.0;0.0;7.3;0.0;4.58;15.77;6.86;4.4;5.46;0.0;6.62;7.9;16.49;0.0;0.0;5.16;5.17;17.02;5.85;0.0;8.26;7.94;6.15;10.83;14.4;11.39;23.65;12.76;659.7;8.23;0.0;8.17;20.73;11.62;6.03;24.06;0.0;13.67;19.21;19.37;12.45;80.14;10.51;0.0;20.79;5.54;9.79;0.0;0.0;0.0;0.0;0.0;8.49;6.01;7.0;3.53;16.98;7.0;6.42;11.58;0.0;8.84;20.58;0.0;5.2;0.0;17.61;8.88;7.26;0.0;7.43;6.29;0.0;0.0;4.44;9.8;6.35;10.7;4.05;25.1;0.0;10.83;19.29;0.0;8.95;0.0;11.05;17.95;6.52;8.03;5.99;17.24;24.85;16.31;31.92;14.89;14.11;13.13;9.19;16.68;16.2;7.99;8.27;12.94;0.0;11.41;7.96;0.0;11.94;3.26;15.05;0.0;1229.61;15.37;0.0;0.0;12.97;80.23;12.17;17.13;16.42;7.24;3.24;10.52;0.0;8.06;2.66;16.34;19.62;28.35;113.28;15.74;11.88;11.53;11.71;15.88;5.44;5.34;11.62;6.95;0.0;7.9;35.39;6.71;6.83;31.05;5.3;0.0;13.03;3.83;13.88;22.31;11.04;17.83;0.0;8.56;0.0;12.16;9.28;7.78;8.19;10.61;0.0;4.54;5.25;13.22;27.42;4.43;15.15;4.72;12.46;7.0;6.27;11.64;0.0;0.0;5.46;24.23;11.99;11.96;8.82;7.22;0.0;8.55;14.81;10.2;6.38;9.57;9.8;12.98;15.38;7.74;12.8;0.0;7.87;16.02;8.47;7.05;8.21;15.66;7.39;26.72;20.97;6.64;14.43;13.2;12.74;0.0;103.2;0.0;7.19;38.32;6.61;0.0;12.76;16.46;2.76;7.42;9.29;33.09;10.67;12.33;11.31;14.17;8.77;23.72;14.03;0.0;6.96;8.85;7.9;7.99;14.09;8.05;7.05;18.54;11.6;11.35;19.04;0.0;6.99;9.35;14.28;11.0;13.31;5.13;6.86;0.0;30.72;42.27;11.67;1.63;0.0;8.19;0.0;9.38;13.04;44.82;9.04;8.77;3.78;13.45;10.25;0.0;0.0;7.79;0.0;9.32;8.1;39.54;14.14;29.59;16.04;14.26;8.76;12.1;10.54;25.66;7.8;13.36;2.91;8.17;0.0;0.0;5.44;2.77;0.0;14.28;8.18;0.0;9.07;16.78;10.08;14.28;0.0
2007;10.55;10.32;9.24;0.0;0.0;12.74;29.58;34.54;16.0;0.0;0.0;13.69;15.57;13.78;14.21;25.56;0.0;33.36;0.0;6.51;4.95;52.23;2.41;82.71;10.49;0.0;10.02;12.41;17.49;277.59;0.0;12.07;14.64;18.11;13.37;21.77;15.84;40.65;13.52;15.18;3.73;37.88;12.33;0.0;16.98;0.0;10.71;9.49;10.21;10.07;33.49;12.9;12.59;13.15;9.72;14.74;10.06;9.43;16.78;16.62;30.3;20.74;12.12;34.81;17.46;5.52;15.01;0.0;0.0;21.63;11.69;9.75;10.82;9.31;0.0;14.67;16.73;8.29;34.18;13.05;10.9;0.0;6.48;69.05;5.93;13.76;4.73;19.48;34.05;0.0;25.71;28.39;15.95;28.02;17.97;17.4;0.0;6.0;7.55;17.03;24.92;20.14;0.0;0.0;11.43;12.84;16.51;7.82;15.1;15.83;14.5;0.0;24.85;9.07;0.0;0.0;33.81;0.0;16.42;18.68;6.86;18.73;7.14;0.0;4.54;9.08;8.88;0.0;0.0;11.95;9.65;25.78;10.49;675.1;13.43;12.3;18.17;15.35;235.56;5.78;14.89;16.75;5.74;9.06;0.0;11.94;30.5;16.62;8.26;33.55;0.0;18.86;15.74;13.75;6.76;8.4;21.26;0.0;30.74;17.59;27.83;0.0;0.0;0.0;0.0;0.0;10.17;10.25;13.9;15.21;25.45;12.93;11.05;11.8;0.0;10.2;23.1;0.0;6.42;0.0;20.1;8.41;7.06;0.0;5.76;14.85;0.0;0.0;4.9;9.34;13.79;12.97;6.59;21.41;0.0;15.55;40.02;0.0;11.48;0.0;15.24;51.97;10.18;12.81;30.07;21.8;87.53;29.99;26.12;15.42;17.16;35.02;12.55;7.14;45.83;7.23;10.31;11.64;0.0;11.36;10.81;0.0;13.2;5.13;8.59;0.0;208.57;7.39;0.0;17.43;12.4;10.25;18.68;0.0;38.22;9.84;12.74;10.75;0.0;9.28;4.98;15.95;18.19;14.18;25.36;15.36;16.61;20.34;18.69;14.58;24.07;6.94;24.06;15.08;31.21;15.17;24.48;7.22;9.41;29.33;0.0;45.32;12.22;14.98;36.34;30.94;10.6;23.5;0.0;13.88;0.0;16.32;3.62;10.04;10.25;17.26;0.0;18.85;7.89;28.07;9.69;7.24;11.85;7.42;18.86;11.05;11.89;16.29;0.0;0.0;8.59;15.45;15.16;21.31;10.7;0.0;0.0;14.98;10.75;10.48;7.62;15.1;14.94;12.54;8.05;11.23;41.05;17.57;14.89;14.01;14.28;12.82;13.2;14.22;9.8;14.73;57.31;6.69;16.52;21.51;12.7;0.0;626.33;0.0;17.55;5.52;9.96;0.0;10.31;24.24;5.95;11.72;9.17;19.31;18.49;26.01;15.0;32.11;12.2;0.0;17.71;0.0;11.68;12.92;0.0;22.23;14.07;13.26;18.6;16.91;13.39;85.56;30.89;0.0;5.65;13.17;32.37;17.04;13.24;10.28;6.19;0.0;30.69;18.74;9.14;7.14;0.0;13.97;14.76;14.47;125.34;5.72;15.14;9.25;4.93;24.46;9.06;151.22;0.0;11.26;0.0;13.1;11.95;0.0;12.89;14.73;6.34;14.85;13.16;10.75;9.97;8.64;15.35;17.28;7.55;15.54;0.0;12.79;7.15;9.92;0.0;29.75;10.26;0.0;12.59;21.69;18.77;8.85;0.0
2006;10.51;12.57;16.49;0.0;0.0;15.36;70.24;48.39;15.64;0.0;46.12;11.11;3.38;13.58;19.65;28.61;0.0;0.0;0.0;8.25;5.94;46.52;1.6;87.69;11.09;0.0;9.02;16.1;9.26;526.33;0.0;15.83;14.76;11.34;22.13;20.34;14.77;120.81;13.98;13.93;2.69;26.61;13.59;0.0;12.56;0.0;13.76;7.5;8.65;10.29;32.52;9.46;14.58;21.67;5.82;12.43;8.92;9.11;20.83;15.67;21.55;30.19;22.48;26.43;14.17;9.1;19.52;0.0;0.0;8.44;13.39;7.92;11.98;8.01;0.0;9.19;0.0;6.69;33.09;33.8;16.13;0.0;5.58;44.53;6.35;12.73;4.9;19.01;10.45;0.0;20.04;26.93;14.55;47.67;19.11;27.9;0.0;3.59;8.38;19.63;25.83;16.0;0.0;0.0;9.39;6.14;15.05;6.64;14.99;20.68;8.76;0.0;19.43;8.56;0.0;0.0;0.0;0.0;20.3;18.08;12.03;8.49;8.37;0.0;11.3;6.38;19.3;0.0;0.0;8.23;7.82;26.77;8.14;193.43;12.47;9.73;10.58;16.26;0.0;7.76;33.11;19.82;5.62;8.43;0.0;15.25;32.29;43.41;7.3;42.16;0.0;19.45;28.29;16.21;13.5;12.89;20.64;0.0;20.76;20.86;16.14;0.0;0.0;0.0;0.0;0.0;13.8;6.25;14.19;14.4;38.8;11.87;11.68;11.38;0.0;10.91;0.0;0.0;7.2;0.0;13.51;11.34;7.88;0.0;6.51;6.95;0.0;0.0;6.4;8.85;12.42;13.37;6.51;7.93;0.0;14.05;27.92;0.0;10.91;0.0;15.57;41.19;10.64;14.96;0.0;28.62;50.73;0.0;23.03;12.26;16.92;22.07;11.79;8.31;0.0;10.08;12.3;13.46;0.0;12.66;16.87;0.0;12.56;6.86;11.78;0.0;48.2;8.33;0.0;12.69;12.98;9.86;14.82;0.0;28.74;10.37;10.14;11.68;0.0;10.94;2.93;27.01;16.25;16.24;0.0;13.91;18.99;10.34;15.66;16.2;12.95;4.52;20.32;24.39;20.28;18.72;109.32;11.38;8.79;34.02;0.0;6.49;27.98;12.06;42.72;36.94;13.92;20.74;0.0;11.06;0.0;15.57;4.35;10.1;10.11;19.26;0.0;13.14;6.09;32.58;7.33;5.97;12.15;7.17;23.74;7.03;9.28;18.11;0.0;0.0;8.88;28.15;12.53;20.85;5.19;0.0;0.0;6.42;5.88;10.98;7.73;10.46;15.09;15.77;8.51;13.18;104.59;10.9;17.75;18.59;18.1;12.51;12.21;15.15;9.44;13.79;32.3;8.73;14.33;21.72;16.75;0.0;780.4;0.0;15.55;17.51;6.85;0.0;12.47;24.35;20.34;20.62;9.06;39.64;21.75;24.66;19.51;132.41;17.19;0.0;15.87;0.0;20.46;14.1;0.0;14.07;15.02;7.57;18.66;7.02;14.27;40.13;15.05;0.0;6.41;14.1;45.75;14.2;17.88;15.82;9.53;0.0;40.17;0.0;9.43;19.67;0.0;11.82;0.0;15.23;12.79;12.47;11.39;12.49;3.66;22.31;14.96;14.42;0.0;8.26;0.0;12.17;10.62;0.0;16.75;15.98;7.91;16.89;16.52;13.57;11.44;9.55;15.48;22.1;8.19;0.0;0.0;25.76;10.09;22.72;0.0;9.98;9.99;0.0;10.92;34.79;21.26;12.5;0.0
2005;0.0;0.0;0.0;0.0;0.0;0.0;0.0;0.0;0.0;0.0;0.0;0.0;0.0;0.0;0.0;0.0;0.0;0.0;0.0;0.0;0.0;0.0;0.0;0.0;0.0;0.0;0.0;0.0;0.0;0.0;0.0;0.0;0.0;0.0;0.0;0.0;0.0;0.0;0.0;0.0;0.0;0.0;0.0;0.0;0.0;0.0;0.0;0.0;0.0;0.0;0.0;0.0;0.0;0.0;0.0;0.0;0.0;0.0;0.0;0.0;0.0;0.0;0.0;0.0;0.0;0.0;0.0;0.0;0.0;0.0;0.0;0.0;0.0;0.0;0.0;0.0;0.0;0.0;0.0;0.0;0.0;0.0;0.0;0.0;0.0;0.0;0.0;0.0;0.0;0.0;0.0;0.0;0.0;0.0;0.0;0.0;0.0;0.0;0.0;0.0;0.0;0.0;0.0;0.0;0.0;0.0;0.0;0.0;0.0;0.0;0.0;0.0;0.0;0.0;0.0;0.0;0.0;0.0;0.0;0.0;0.0;0.0;0.0;0.0;0.0;0.0;0.0;0.0;0.0;0.0;0.0;0.0;0.0;0.0;0.0;0.0;0.0;0.0;0.0;0.0;0.0;0.0;0.0;0.0;0.0;0.0;0.0;0.0;0.0;0.0;0.0;0.0;0.0;0.0;0.0;0.0;0.0;0.0;0.0;0.0;0.0;0.0;0.0;0.0;0.0;0.0;0.0;0.0;0.0;0.0;0.0;0.0;0.0;0.0;0.0;0.0;0.0;0.0;0.0;0.0;0.0;0.0;0.0;0.0;0.0;0.0;0.0;0.0;0.0;0.0;0.0;0.0;0.0;0.0;0.0;0.0;0.0;0.0;0.0;0.0;0.0;0.0;0.0;0.0;0.0;0.0;0.0;0.0;0.0;0.0;0.0;0.0;0.0;0.0;0.0;0.0;0.0;0.0;0.0;0.0;0.0;0.0;0.0;0.0;0.0;0.0;0.0;0.0;0.0;0.0;0.0;0.0;0.0;0.0;0.0;0.0;0.0;0.0;0.0;0.0;0.0;0.0;0.0;0.0;0.0;0.0;0.0;0.0;0.0;0.0;0.0;0.0;0.0;0.0;0.0;0.0;0.0;0.0;0.0;0.0;0.0;0.0;0.0;0.0;0.0;0.0;0.0;0.0;0.0;0.0;0.0;0.0;0.0;0.0;0.0;0.0;0.0;0.0;0.0;0.0;0.0;0.0;0.0;0.0;0.0;0.0;0.0;0.0;0.0;0.0;0.0;0.0;0.0;0.0;0.0;0.0;0.0;0.0;0.0;0.0;0.0;0.0;0.0;0.0;0.0;0.0;0.0;0.0;0.0;0.0;0.0;0.0;0.0;0.0;0.0;0.0;0.0;0.0;0.0;0.0;0.0;0.0;0.0;0.0;0.0;0.0;0.0;0.0;0.0;0.0;0.0;0.0;0.0;0.0;0.0;0.0;0.0;0.0;0.0;0.0;0.0;0.0;0.0;0.0;0.0;0.0;0.0;0.0;0.0;0.0;0.0;0.0;0.0;0.0;0.0;0.0;0.0;0.0;0.0;0.0;0.0;0.0;0.0;0.0;0.0;0.0;0.0;0.0;0.0;0.0;0.0;0.0;0.0;0.0;0.0;0.0;0.0;0.0;0.0;0.0;0.0;0.0;0.0;0.0;0.0;0.0;0.0;0.0;0.0;0.0;0.0;0.0;0.0;0.0;0.0;0.0;0.0;0.0;0.0;0.0;0.0;0.0;0.0;0.0;0.0;0.0;0.0;0.0;0.0
