;MMM;AOS;ABT;ABBV;ABMD;ACN;ATVI;ADBE;AAP;AMD;AES;AFL;A;APD;ALB;ARE;ALXN;ALGN;ALLE;LNT;ALL;GOOGL;MO;AMZN;AMCR;AEE;AAL;AEP;AXP;AIG;AMT;AWK;AMP;ABC;AME;AMGN;APH;ADI;ANSS;ANTM;AON;AIV;AAPL;AMAT;APTV;ADM;ANET;AJG;AIZ;T;ATO;ADSK;ADP;AZO;AVB;BKR;BLL;BAC;BAX;BDX;BRK.B;BIO;BLK;BA;BKNG;BWA;BXP;BMY;AVGO;BR;COG;CPB;COF;CCL;CAT;CDW;CE;CNC;CNP;CERN;CF;SCHW;CHTR;CVX;CMG;CB;CI;CINF;CSCO;C;CFG;CTXS;CME;KO;CTSH;CL;CMCSA;CXO;COP;ED;STZ;CPRT;CTVA;COST;COTY;CCI;CSX;CMI;CVS;DHI;DHR;DVA;DE;DAL;XRAY;DVN;FANG;DFS;DISCA;DISCK;DISH;DLTR;D;DPZ;DOV;DOW;DTE;DUK;DRE;DD;DXC;EMN;ETN;ECL;EIX;EA;EMR;ETR;EOG;EFX;EQIX;EQR;ESS;EL;RE;EVRG;ES;EXC;EXPD;EXR;XOM;FFIV;FB;FAST;FRT;FDX;FIS;FITB;FISV;FLT;FLIR;FLS;FMC;F;FTNT;FTV;FBHS;FOX;BEN;FCX;GPS;GRMN;IT;GD;GE;GIS;GM;GPC;GILD;GPN;GL;GS;HRB;HAL;HIG;HCA;PEAK;HES;HPE;HLT;HFC;HD;HON;HRL;HPQ;HBAN;HII;IEX;IDXX;INFO;ITW;IR;INTC;ICE;IBM;IFF;IPG;INTU;ISRG;IPGP;IRM;JBHT;JKHY;J;JNJ;JPM;JNPR;KEY;KMB;KIM;KMI;KLAC;KSS;KHC;KR;LB;LRCX;LW;LVS;LEG;LDOS;LEN;LLY;LNC;LIN;LYV;LKQ;LMT;L;LOW;LYB;MTB;MRO;MAR;MLM;MAS;MA;MXIM;MKC;MCD;MCK;MDT;MRK;MET;MTD;MGM;MU;MSFT;MAA;MHK;MDLZ;MNST;MS;MSI;NDAQ;NOV;NTAP;NFLX;NWL;NEM;NWSA;NEE;NLSN;NKE;NI;NSC;NOC;NLOK;NCLH;NRG;NUE;NVDA;NVR;OXY;ODFL;OKE;ORCL;PCAR;PH;PAYX;PAYC;PYPL;PNR;PBCT;PEP;PKI;PFE;PM;PSX;PXD;PNC;PPG;PPL;PFG;PG;PLD;PRU;PEG;PSA;PHM;PVH;QCOM;RL;RJF;RTX;REG;RF;RSG;RMD;ROK;ROL;ROP;ROST;SPGI;CRM;SBAC;SLB;STX;SRE;NOW;SHW;SPG;SLG;SNA;SO;SBUX;STE;SYK;SIVB;SNPS;SYY;TMUS;TROW;TTWO;TPR;TGT;TEL;FTI;TFX;TXN;TXT;BK;CLX;COO;HSY;MOS;TRV;DIS;TMO;TJX;TSCO;TDG;TFC;TWTR;TYL;TSN;USB;UDR;UA;UNP;UAL;UNH;UPS;URI;UHS;UNM;VLO;VAR;VTR;VRSN;VRSK;VZ;VRTX;VFC;VIAC;V;VNO;VMC;WRB;WAB;WBA;WMT;WM;WFC;WELL;WST;WDC;WU;WRK;WY;WHR;WMB;WLTW;WYNN;XEL;XYL;YUM;ZBRA;ZBH;ZION;ZTS
2019;179.7746;48.3457;80.5399;77.9488;248.7637;181.581;49.1458;279.3228;158.5413;29.941;16.9397;51.4427;75.2118;207.87;72.4973;145.5434;118.1113;249.3871;101.2575;49.294;100.5468;1191.2169;49.1264;1789.1929;10.2648;74.0908;30.8792;87.3242;116.2979;50.2985;203.4603;112.7514;141.123;82.8124;86.2928;195.721;95.0543;108.7473;202.1379;277.7727;183.8438;62.9616;52.064;46.2484;82.8619;41.6413;247.0381;85.5987;110.965;33.929;104.8083;158.8932;159.7742;1058.3318;204.4116;23.8787;64.5658;29.5613;79.7233;247.3476;208.0724;312.5637;448.2272;365.0274;1871.1539;39.4439;131.8746;50.1838;287.798;118.1411;21.7165;41.3644;89.335;49.5631;132.8953;110.5578;109.5753;54.3405;28.9983;65.8833;45.3137;43.2689;392.7893;119.6252;722.8885;146.4529;171.2821;99.6561;50.5712;67.7993;35.4703;101.25;194.0465;50.8279;65.0948;69.1233;42.2115;93.3307;61.2304;86.1771;188.5394;71.7101;27.5867;262.1953;10.8865;130.3107;71.8953;162.5721;61.2852;46.2225;133.4494;57.9482;161.9417;55.3041;51.8933;26.2657;97.2329;77.8551;29.0287;27.0945;34.1758;103.2895;77.1221;264.2133;96.4674;50.387;125.4228;89.8342;31.9778;81.3474;49.05;75.9816;81.8154;184.91;66.2087;95.8305;66.9315;103.9546;85.5017;128.154;497.6794;78.9263;297.7292;176.1547;243.7961;60.6617;76.266;47.4101;73.9778;106.5704;73.7346;147.2724;181.6375;32.504;132.093;166.6462;122.9434;27.7088;95.8488;266.5023;50.7828;46.9842;84.5749;9.2387;84.3784;76.0353;53.0172;37.892;30.8082;11.235;20.624;82.8511;148.384;176.5923;9.8359;50.9493;37.5627;101.4304;65.6732;151.599;89.9777;204.4012;25.4875;24.4093;54.795;131.0468;32.6045;61.2199;15.1866;91.2233;49.8328;207.3018;165.0129;42.0934;19.8753;13.8054;218.7479;156.7267;249.1642;61.6908;152.8262;30.3492;51.3752;85.3035;136.9904;131.6519;22.0119;255.7448;532.0131;141.0512;33.0448;104.0156;139.654;81.1938;134.9359;113.8;25.8371;17.4493;129.6237;18.8413;19.9139;133.0372;56.8676;32.7448;25.3521;22.7765;208.5833;71.5085;60.39;42.4461;76.531;51.9437;116.5892;60.4477;187.3608;64.7605;29.0873;347.5896;50.181;106.3747;86.234;162.3656;14.2005;129.373;229.8515;40.004;256.2306;56.778;77.0225;198.2747;132.9701;98.8575;82.2271;46.8217;715.7545;28.3491;42.4879;130.382;118.5788;133.2792;51.5686;59.1713;44.2112;154.4855;94.9681;24.0402;60.9332;328.8713;17.1751;36.4424;12.9891;51.9403;23.0727;86.7334;27.9789;185.81;319.8008;22.7727;52.6591;38.6657;55.0425;174.5877;3273.2874;52.1985;105.6921;68.6554;53.8697;70.1882;175.6567;81.4637;210.1125;105.0669;39.7332;16.317;127.9365;89.9834;39.9501;81.2051;99.4254;139.9138;135.5952;115.858;31.4616;53.973;111.2929;79.0651;93.5758;58.9841;228.1138;32.7167;99.6128;71.7372;110.6402;83.5012;132.5605;65.8298;15.4199;84.0002;122.556;170.592;24.5908;342.1743;101.9447;230.9484;155.1048;219.6961;38.893;49.4163;134.1464;254.857;488.0383;163.6547;82.6168;159.54;55.7083;81.4432;137.0548;198.4931;225.1458;123.2365;72.7562;75.3865;107.8929;111.8022;29.5904;91.8575;88.9743;23.0532;318.8938;115.6659;49.3211;47.6522;153.8471;301.2561;134.127;24.0507;139.3486;130.7728;278.8307;54.2111;98.228;484.4419;50.3914;35.5754;235.1117;77.6763;53.4293;45.9223;19.251;167.9822;86.8254;249.5863;110.777;129.3037;136.0175;32.0141;85.173;127.8075;65.0413;190.5321;141.7363;58.0584;184.7418;86.8394;45.8869;166.8117;65.4383;130.2736;63.72;72.0299;58.0676;108.4054;109.0856;48.8625;81.6562;126.632;50.6584;21.2929;37.6305;26.4488;140.3064;25.6542;183.7161;122.192;58.9623;77.3048;104.2173;206.7081;128.3916;46.4179;110.3731
2018;211.1742;58.0327;64.2198;97.4699;340.0955;159.648;69.2694;235.0375;139.2476;17.2145;12.93;44.8522;67.1694;162.4227;99.2239;124.3662;120.0025;294.4943;83.6209;41.901;94.7909;1122.0436;60.2441;1641.7262;0.0;60.6516;42.802;70.2263;100.9624;52.5934;145.7133;85.913;143.2194;89.1033;74.5683;188.1466;88.9798;92.021;165.2181;250.3104;145.6513;53.9093;47.2634;46.3782;86.9605;45.6919;258.2064;70.3966;97.3225;33.3052;89.0111;132.0647;131.5921;724.4301;172.1506;30.8032;41.2045;29.6951;69.8944;235.8119;203.5278;277.5328;492.9871;344.6941;1968.8887;46.3571;122.8298;57.7859;239.2139;111.9439;24.1142;40.5959;94.4743;62.3047;144.6332;80.7943;107.1547;61.6025;27.3443;61.3968;44.1667;51.3187;314.0541;120.2315;413.5831;135.4646;190.2598;74.5113;44.2226;69.4605;40.4548;102.8772;168.9396;45.4099;76.3535;66.5893;35.7816;142.1933;65.9056;77.7804;214.3492;52.4516;0.0;208.8144;14.2642;108.3938;64.6338;150.7095;70.9208;42.3585;101.0937;68.7052;149.7977;54.4965;45.8728;37.1919;122.3332;73.6896;26.5705;24.6465;35.874;92.2278;70.6626;254.7;87.3203;0.0;107.2806;80.0575;27.4289;138.6195;88.3985;96.3853;78.9673;145.0056;63.2736;117.9486;70.6656;81.0779;113.2244;118.8081;413.0001;63.7749;240.5057;140.3308;229.032;54.5711;60.7687;41.5183;69.6128;90.2986;79.9557;166.3475;171.5109;27.2309;122.1843;238.4649;102.993;30.0016;74.7098;205.5012;52.8365;45.5946;84.7982;10.4074;65.2397;76.7586;55.2229;42.0264;34.2281;15.606;30.026;62.8938;135.5961;199.159;12.8989;46.3096;37.8061;96.1904;73.8243;113.4968;85.4513;233.0922;26.2284;43.5441;50.8408;114.3138;25.2032;58.0005;16.1365;78.6057;61.6342;188.7681;150.8988;37.8173;23.092;15.0619;234.1775;140.5386;209.7787;50.6006;146.5177;29.324;49.055;74.4368;143.8556;136.2817;22.8652;195.9345;479.7075;200.0828;33.9757;117.4054;133.734;66.5603;133.0255;110.7233;27.2156;19.8136;110.1565;15.7456;17.1171;105.5702;69.0269;60.5311;27.7643;36.0659;176.0855;66.8626;67.7453;42.929;64.5752;52.5603;93.639;68.3383;157.589;47.6612;33.5371;322.1028;49.531;96.4345;105.5651;174.6761;18.797;129.5615;203.4559;37.7053;191.6761;57.4816;59.653;166.0624;139.1881;88.0037;64.1581;45.9186;591.7039;30.5987;47.5984;101.034;96.0521;201.1407;42.2107;57.6694;49.9855;115.1432;87.3279;39.1354;71.5489;319.2903;24.395;36.0415;14.7584;41.3281;29.6437;72.9388;25.1222;156.3743;311.5453;23.0372;52.4039;32.9987;63.2749;232.3841;2839.3506;75.2902;95.991;63.1317;48.05;65.416;173.245;67.5523;116.7419;82.6036;51.6223;18.0286;110.7006;80.6522;39.1565;88.5192;105.8608;174.8921;142.6522;108.4257;29.2549;57.1508;82.4163;64.2736;101.0112;51.6527;205.8392;28.5316;141.4248;61.4766;120.291;89.6742;128.4057;61.3534;18.1364;70.0127;103.1508;177.215;24.0863;282.4047;85.8212;191.9976;132.2096;162.2878;63.0249;51.6523;111.7799;173.6888;411.4256;168.4991;93.7314;161.9729;45.1785;57.5019;104.1558;166.8786;276.4845;89.7977;66.0065;63.2728;110.1393;115.8975;46.6478;76.6443;91.3946;29.6527;260.7903;106.1148;61.9701;52.9839;138.8736;244.4497;100.3772;29.1361;131.1491;108.3752;221.7655;46.3795;78.0408;331.8834;51.5652;32.8285;215.2588;66.7226;52.4494;37.6909;17.5505;143.2164;77.2565;248.322;113.4812;154.1049;121.09;41.4828;101.8409;116.5718;55.4184;136.9414;109.9414;52.0838;167.4049;82.1947;53.8551;132.6294;70.2781;116.6078;49.6784;92.2299;70.2854;92.3698;86.7569;55.2839;61.2187;101.5871;71.6977;19.3922;56.827;33.297;141.0783;27.4541;152.4757;153.4076;46.6873;72.5866;84.5772;150.6613;117.4657;52.1036;85.542
2017;205.2953;55.1117;48.5437;75.1653;147.1808;129.148;56.2438;143.9961;122.5748;12.4116;11.2204;39.0019;59.3297;147.2386;115.2164;118.8706;125.7262;158.9742;78.4152;41.0153;88.2559;939.7734;69.7893;968.167;0.0;57.0865;47.4907;70.0693;84.6475;62.5205;130.0981;80.57;137.7069;86.1162;61.1732;170.7607;77.2278;81.8195;121.3648;185.6203;130.9891;56.6664;37.6378;44.4851;87.0765;42.7463;159.3553;58.5995;98.77;38.5964;83.2688;102.4606;106.1805;640.4365;184.8871;46.5165;39.6133;24.7238;58.0264;194.8812;175.09;219.5752;423.7333;215.2539;1798.1545;45.3863;126.3608;57.5613;236.3971;76.0931;24.7973;53.7975;86.002;62.8625;112.5995;61.8938;95.2683;40.7036;28.1741;63.3868;32.1927;42.46;341.1081;111.4578;377.7943;142.3699;171.3713;73.4806;33.1431;65.6995;36.5089;82.2977;127.1804;44.348;66.1184;72.3427;38.3816;130.0675;47.8282;81.2003;187.1076;32.7695;0.0;167.4075;18.1462;99.5108;50.4516;159.0514;77.6413;36.8839;85.9048;63.5263;122.2985;49.9801;61.6084;37.6713;100.1654;65.3747;24.5356;23.643;58.45;82.0388;78.2689;189.1656;85.3956;0.0;106.6547;84.1471;27.772;149.1536;84.0269;83.8276;75.1275;129.023;77.8479;103.8551;61.0333;77.9841;95.6962;127.2768;428.761;65.4067;248.6373;99.3532;238.222;53.037;60.6386;37.3043;57.1116;78.5925;81.8617;129.5977;156.5762;23.4519;131.1799;207.5699;87.2575;26.7692;60.8476;155.5533;39.0321;45.1377;77.4048;11.7927;38.2148;64.4987;63.0058;28.6856;42.8429;13.9081;25.5192;53.021;116.0905;196.4011;25.9715;56.7578;37.612;91.1104;72.3252;89.8202;78.9442;233.5899;25.9172;46.3878;52.0448;82.1815;29.7443;46.7539;17.875;64.5868;32.0657;155.3428;134.713;34.1046;18.7202;13.4495;210.8314;110.6831;154.0009;43.5993;142.6736;25.7357;37.7946;63.6153;157.658;136.5237;22.5233;135.0535;307.1831;156.6097;36.8639;97.4388;101.828;56.7412;129.7608;92.0096;27.9954;18.3364;123.7311;20.48;19.7815;97.2323;41.5462;85.7348;26.5125;49.4713;155.8869;45.2557;60.7999;49.1457;55.7948;52.7303;82.2041;70.1875;131.9262;36.1501;33.6033;287.6656;47.6504;79.3894;92.0029;160.6603;14.2707;103.2572;216.8849;37.0905;127.3863;46.9025;49.2638;148.7594;150.5936;81.4002;62.2478;52.2958;561.7103;30.7706;32.1264;71.984;102.654;243.339;43.4602;51.6949;46.1181;86.3175;72.2226;34.9756;42.7029;165.3743;45.3691;35.4272;13.5285;35.2292;40.0988;55.706;25.1724;122.5997;264.406;29.7576;52.8796;21.0695;58.6777;149.7837;2523.2107;64.1187;66.1527;53.5334;46.5247;67.748;165.1451;60.5551;67.0018;55.8551;64.5538;18.0137;112.9527;63.9087;34.0745;110.5106;84.7254;163.4792;127.4247;107.8471;37.2625;64.4249;89.4525;58.4003;108.311;46.0159;213.6164;25.3245;112.2524;56.8518;83.0616;79.8017;117.2027;65.5154;14.7998;63.166;74.9645;166.1184;18.382;228.4784;64.1682;144.6881;90.2596;135.5037;71.0414;40.0336;112.7412;105.2555;344.1641;165.8396;100.2778;161.8732;49.7474;57.2678;79.8349;139.9306;187.498;76.1811;53.7749;62.5912;80.705;80.8602;41.718;58.2961;80.6446;29.5475;212.4842;84.3336;49.858;50.0983;133.7422;221.5399;108.5312;24.9896;125.0515;106.3582;173.4549;37.0225;63.2742;258.7595;46.0944;17.8236;166.9717;66.1963;52.7364;37.877;17.3876;110.9051;69.1707;186.1501;111.8509;126.2604;114.151;48.8288;70.8023;98.3083;64.8781;96.4798;84.116;48.2368;126.9038;59.6872;62.5623;97.719;89.2625;122.5137;45.7137;79.8241;79.1602;78.9624;75.4069;54.9799;70.1113;91.0611;84.2499;19.606;56.2153;33.6065;177.1865;29.555;143.5968;129.154;46.5215;56.7776;72.2889;99.3103;118.5633;44.2539;61.13
2016;168.5124;42.6363;40.4946;60.668;105.0842;112.9099;37.9008;97.325;155.4881;5.2548;11.3703;33.9063;43.37;141.2637;74.0016;98.4462;134.8574;81.4552;66.1037;36.7737;67.3052;763.2142;63.8789;699.5231;0.0;49.0083;38.1838;64.0887;63.7933;57.3047;105.8509;72.5885;97.2475;83.2095;47.6884;156.0196;59.2694;60.2204;90.0235;133.3643;105.4122;53.6739;26.151;24.7073;68.2369;40.5944;74.1635;46.5545;83.7579;39.2782;73.0481;61.7252;89.0487;768.8588;176.3335;49.0224;36.814;15.4319;43.8994;163.8729;144.0327;149.169;350.0883;133.1115;1346.7127;34.5459;127.6557;63.192;157.1903;62.526;22.9213;59.537;71.2791;48.4264;78.698;43.2981;68.0602;31.3998;21.9481;56.6316;28.3626;29.9858;229.4968;99.8737;428.5646;123.2244;132.6423;69.7894;28.7897;46.3861;24.1827;81.603;100.356;43.545;57.2476;70.1042;31.6337;117.8937;42.4842;74.0668;156.313;23.4488;0.0;154.3535;25.1655;89.8966;28.1374;116.4603;93.0494;29.699;86.1688;68.9896;84.0546;43.1133;60.2719;35.8516;87.3755;55.9209;26.7179;25.8708;51.5097;83.543;73.3304;138.8602;67.5546;0.0;91.5581;78.7985;24.3358;0.0;0.0;69.6179;61.7943;115.2448;70.6291;73.7462;52.2215;75.1965;83.7096;120.4574;343.7767;67.8762;221.6142;88.7527;190.6834;52.5033;55.2644;33.6672;49.3403;83.8128;86.2197;115.2052;117.0351;21.9526;152.3123;162.3129;71.2952;19.4349;50.7102;149.0949;31.821;45.5111;45.7538;12.631;31.5913;51.6746;56.0225;27.2436;36.1343;10.6323;24.3311;44.5279;92.5787;146.2379;30.3474;63.394;31.3259;95.6842;83.5809;70.1841;60.833;169.1138;24.9085;41.897;43.6052;75.1203;34.2774;52.6788;19.0784;67.3496;29.2209;129.8203;111.9712;38.0425;13.1571;10.0612;154.6652;84.8299;94.5356;33.7137;108.6798;0.0;33.3291;52.2972;150.5149;124.2447;22.819;106.3312;212.1001;87.4023;34.3029;82.2741;84.2593;48.8909;113.6073;65.6228;24.3611;12.7144;126.5912;28.17;19.1517;71.8642;44.4618;82.8648;35.081;75.9669;86.5022;34.0897;50.6031;47.9398;47.3187;44.551;76.3822;46.1391;113.845;24.5927;31.9615;237.9925;40.3788;74.1637;80.9995;119.0862;13.4033;69.5865;178.5567;31.4825;95.8815;37.2561;47.8049;120.1418;167.7778;80.5407;57.4869;44.8424;375.5649;23.6467;14.1618;55.2593;96.3059;192.8358;42.8337;47.6633;29.8481;72.5973;65.3818;33.1899;28.6078;102.0304;46.5948;33.0795;12.3698;29.8894;50.0921;56.2473;23.205;88.2447;212.3165;21.1451;43.6176;12.7185;49.1308;53.7612;1657.5373;71.9885;45.6584;41.1667;39.2267;55.7905;116.2999;55.431;41.4943;38.2653;56.8074;15.9354;103.6669;51.8395;32.8259;96.1309;80.94;158.8728;90.2343;102.0483;35.799;45.9182;83.7154;47.7648;79.2372;43.4215;238.7569;18.85;95.4802;57.4231;98.2277;54.7851;101.2281;74.7856;9.7139;49.5886;60.8889;115.2827;12.6904;175.2206;59.5187;116.5258;74.554;103.9291;77.1398;31.5339;103.3213;71.8688;277.9421;199.8102;100.1918;157.3112;50.2223;56.5888;69.0667;110.6092;111.6823;52.713;48.76;44.2935;71.1299;40.2485;37.9595;73.5251;61.434;28.5091;159.6139;63.1025;39.0537;40.2992;126.4453;163.9974;96.9109;26.6899;113.4256;97.4618;145.9178;37.8634;83.1905;251.8025;37.0098;17.5711;152.2692;66.0894;42.9081;35.5796;33.5652;88.5202;53.0195;135.4125;105.867;72.2541;122.4881;34.2844;58.6967;86.4358;64.6091;81.8135;79.104;51.4048;88.1828;60.2223;53.8813;77.9033;96.4196;111.8844;37.863;75.7535;81.2052;69.5471;62.0321;48.9574;69.651;72.8675;50.4274;19.6933;42.3892;30.0083;167.2788;23.5347;121.983;90.2012;40.8034;45.0773;78.7864;64.032;113.6426;28.7312;47.834
2015;156.383;34.2352;46.3063;62.1042;73.6795;97.5011;27.6239;80.9678;163.6473;2.3317;11.998;30.8838;39.6021;142.5522;53.6138;92.3265;177.6471;59.9939;60.9195;30.5674;65.9001;619.9836;53.8598;478.1373;0.0;41.8181;45.1216;56.6883;77.9639;58.7616;95.8426;54.2319;122.0958;104.104;53.418;158.1235;55.1339;59.6605;89.4468;147.5608;96.6834;49.0218;30.0096;19.5843;80.3546;45.911;70.9392;45.7704;71.3531;33.804;56.2744;56.1232;84.3729;696.878;171.9305;58.141;34.6863;16.5757;52.9969;143.9445;140.151;137.526;347.1592;143.5059;1219.881;51.9754;128.6915;64.5237;125.5925;53.5067;26.7993;48.3315;79.8685;48.7652;78.7915;38.8157;63.7105;32.2791;19.5972;66.4698;56.3843;31.1039;180.2914;96.3626;659.1329;109.4309;134.4357;54.2533;27.8499;53.2769;25.4407;69.3956;93.789;41.2415;62.2781;67.1757;29.4885;110.4761;58.1364;63.1868;123.055;18.1734;0.0;147.8352;25.9594;83.6806;31.4377;125.2315;101.6487;28.4344;87.9419;77.4037;86.2183;46.1135;54.0571;52.9963;72.8054;57.0212;30.6853;29.0399;66.998;74.9722;70.9336;106.7216;67.5503;0.0;80.57;74.7862;20.2304;0.0;0.0;73.2743;62.8556;113.5604;61.4102;64.0382;53.3319;72.948;85.3183;98.5316;262.3535;76.1554;224.5138;83.5249;180.1061;38.6345;49.3741;32.0228;47.2295;72.2881;82.8285;117.771;88.7719;20.5245;139.3202;165.3302;65.5517;19.8177;42.1927;151.293;30.1237;50.8209;50.2357;15.0027;37.9619;0.0;48.1686;31.4128;46.5987;15.4151;35.4767;43.2214;86.0153;140.9562;26.7985;56.0766;34.3215;90.4209;106.5288;54.8407;57.0939;192.966;33.5731;41.1779;43.7339;77.6161;39.6337;63.9507;14.4038;79.6374;43.4899;116.3825;102.2444;30.3434;28.8259;11.0263;122.9587;75.7479;72.4501;27.5919;92.4006;0.0;32.1786;47.0357;155.3519;113.6408;21.1044;97.1985;169.0059;87.6981;33.1275;81.1959;69.4085;42.1042;99.7594;63.8295;26.3775;13.9462;112.45;25.3153;34.9216;59.4056;59.8627;74.6165;36.9866;89.861;76.4729;0.0;51.1954;45.6003;45.021;49.4717;78.799;55.0661;116.46;25.9523;28.3285;202.7133;38.9353;71.5031;91.4675;122.8088;22.7185;75.7721;147.1978;26.735;92.664;34.9348;39.7358;100.2833;213.2684;75.2705;56.6162;51.3305;318.9521;20.8233;22.3255;46.7136;79.5813;187.1803;40.8564;45.462;35.8821;64.6957;51.9738;45.8072;33.695;91.8956;41.1323;21.1225;14.8763;25.6222;45.624;55.1266;31.102;92.6239;167.8396;22.773;54.914;20.6124;44.6231;23.7178;1449.0418;74.3741;46.2132;39.0439;40.7971;60.0339;112.8529;49.1001;35.2259;35.5216;60.1241;15.6382;96.8116;49.795;33.7029;83.1615;79.7349;143.3527;92.9655;107.7845;33.0604;50.6917;79.3788;41.4208;83.1263;41.025;207.0971;20.2486;104.6705;62.7521;129.8797;56.4534;107.1368;64.8071;9.754;41.4567;59.4875;112.7261;11.4943;171.0142;50.4959;0.0;70.6554;114.9867;81.8332;50.148;103.2226;77.0612;271.5212;188.6094;114.8361;155.6133;45.047;53.2536;67.9606;95.6851;128.2456;47.759;38.9951;36.4472;77.5672;29.2671;34.9464;78.1561;65.7456;36.6914;126.7287;53.9614;42.9063;41.3072;113.2879;164.4416;94.7494;41.7456;105.6391;107.8355;130.7585;34.4946;87.5095;222.3156;38.366;35.3443;138.3702;42.9823;43.3852;33.7514;0.0;99.4369;59.8643;116.5355;100.7006;81.6783;124.4819;34.2817;61.7027;85.6013;64.6219;69.3043;72.9403;47.1702;123.7852;71.0627;53.4874;70.7501;101.4723;88.755;35.1698;90.8835;85.3635;72.4911;51.5975;54.7756;70.5171;56.9335;86.1011;19.4566;55.2752;31.6663;178.4975;45.6233;0.0;101.7882;34.7683;35.3612;80.249;89.8783;108.7565;28.5158;46.1013
2014;142.7601;24.6989;40.9545;55.4601;26.9587;81.4019;20.6336;67.4529;130.941;3.6621;14.2502;30.7156;54.119;126.1848;64.2877;76.7566;166.7312;53.82;51.7987;28.8222;59.3522;713.9654;42.1051;332.551;0.0;40.0178;38.9236;52.9165;89.7907;52.7725;90.4663;47.7818;117.7642;74.6537;51.747;131.0294;48.4352;51.415;78.3782;108.1647;86.6812;41.2465;23.0661;20.9005;67.3152;46.1494;73.8048;46.2838;66.0915;34.5867;49.8261;53.83;79.6871;534.7136;142.5592;63.7863;30.1948;16.3444;72.273;119.309;130.4217;120.8765;319.1225;128.3622;1197.9609;59.5316;118.4552;52.2089;73.4865;40.5284;34.3793;43.8692;78.6152;39.2835;100.7187;29.562;58.5491;18.864;24.0565;57.1863;50.2984;27.295;146.5689;120.5137;601.3683;103.6805;90.1559;48.656;24.2531;50.194;23.7877;63.2541;76.5171;40.8413;48.919;65.9098;26.6418;121.2265;74.1883;57.4297;85.2245;17.4867;0.0;121.583;16.7094;76.4695;30.8162;144.0095;78.3901;22.7237;77.3575;71.1832;87.8142;37.6149;47.705;67.4869;69.6853;60.375;38.8958;37.3423;62.6044;56.0342;69.9954;77.8501;84.3304;0.0;75.8562;73.8618;17.6359;0.0;0.0;82.8427;71.129;108.5216;56.34;34.3333;65.1378;74.2496;99.0769;73.4609;202.2677;62.8225;181.4736;73.0591;159.3032;35.9875;0.0;33.5572;42.4156;52.0673;97.2657;114.0088;68.7622;23.3387;120.1035;149.323;55.6071;20.8217;31.0551;130.3135;33.337;72.5046;67.9418;15.8944;24.1491;0.0;42.1999;33.2463;54.9571;32.8512;40.6452;54.2291;73.2575;118.9034;25.994;51.7655;34.5675;88.8213;89.5787;36.1666;46.0375;173.4132;31.1256;58.7275;36.4579;59.87;41.151;87.0243;0.0;70.565;46.1515;85.428;93.8945;24.5113;33.8838;9.6697;100.1392;75.0388;64.1817;25.057;86.1675;0.0;30.3276;40.574;182.3041;97.1346;18.4835;81.4558;147.5494;69.0328;32.1518;76.2728;58.0823;54.5549;100.8153;58.1734;23.8824;13.5487;110.0294;22.8658;36.2028;70.1657;55.5721;0.0;24.4073;62.8752;65.59;0.0;71.2316;34.5351;39.5349;40.6279;61.6473;51.8478;129.6027;23.1534;27.6017;169.0207;43.3191;51.3775;93.6608;120.83;35.5281;63.2982;121.9838;22.4733;77.5525;31.2158;34.896;96.3815;187.2552;63.0767;57.2036;52.9881;255.7715;24.3158;29.1997;42.4533;69.745;139.8721;35.9094;26.7873;32.683;64.4449;40.4422;77.04;39.4607;57.4951;32.3456;23.3758;16.8698;24.1103;45.2775;40.4344;37.9243;101.7569;125.7779;22.8581;35.1703;30.9976;51.5865;18.5468;1150.0881;94.2394;42.6598;61.6896;40.1178;63.2972;121.2973;42.9523;17.5182;0.0;71.8438;14.6638;88.7764;44.3535;30.3074;84.3734;78.9006;191.4648;84.7276;99.9831;33.4479;49.2996;82.3862;40.5229;86.3792;37.6656;171.6665;19.4328;121.1543;76.1162;163.2106;52.5183;112.0694;54.7133;10.2854;36.6174;49.4595;117.2288;8.9527;144.1148;36.7285;0.0;57.2536;102.4501;98.7178;57.2293;101.1677;59.8944;211.0085;168.5721;102.9028;119.6124;44.3493;37.7725;53.7033;83.0914;112.0383;39.8637;37.1983;30.5869;81.0955;22.0679;40.8322;61.5828;59.9339;54.5776;106.0761;47.3742;38.5632;36.4559;92.001;144.8386;97.5238;47.043;92.4719;84.4812;119.9701;29.7101;67.5531;180.6152;37.9983;45.4515;93.3859;39.21;42.0412;27.7493;0.0;101.1767;47.5148;83.4203;100.731;100.7401;94.7385;34.3009;51.2898;83.263;64.7992;54.5461;61.9394;48.6083;89.4849;63.8856;58.6353;55.4572;103.382;63.3235;30.4158;80.1058;66.3102;77.3274;45.0183;50.351;64.0811;45.5954;93.6978;16.7551;0.0;31.8869;152.9169;48.9697;0.0;198.8854;31.2804;36.8932;74.2693;71.1874;101.4075;29.2432;34.0612
2013;113.7295;20.7332;35.654;43.6623;20.743;75.6598;15.3963;46.8033;85.2102;3.3786;12.8454;28.9784;46.778;97.7121;63.9722;68.1419;104.9874;40.8481;43.6635;25.0997;49.4789;884.2413;35.4924;298.0322;0.0;34.638;18.1879;46.0582;72.8613;44.5854;76.5687;40.9493;84.7133;56.8421;44.1081;103.9304;38.4928;46.5927;80.1864;78.4604;67.5664;36.9308;16.8798;15.2698;50.3199;35.3088;0.0;42.9343;51.1752;35.4347;41.9036;39.15;69.69;415.1743;129.8392;48.4636;23.0166;13.4488;69.3542;98.0282;110.1793;118.6682;269.7233;103.1096;877.9542;44.6244;105.8319;43.8476;38.5426;28.8172;34.1651;42.7272;63.5104;35.5141;86.9648;22.206;49.6102;13.1748;23.2085;49.0696;40.38;20.2173;114.0545;120.2266;397.1309;91.2815;71.7965;47.5602;22.6386;48.2566;0.0;66.4874;69.1446;39.6644;38.6386;59.6213;21.6299;95.0958;64.6419;57.8725;53.1642;16.722;0.0;111.7984;16.248;72.5549;24.7994;121.3912;58.5546;21.511;65.8326;59.1146;86.0814;20.0048;43.2465;57.5828;35.9859;47.2915;39.5571;35.942;42.986;50.739;59.3555;58.9113;80.845;0.0;67.3099;69.3561;16.0309;0.0;0.0;73.9771;65.2996;89.4569;47.9871;21.8206;60.2478;65.6198;72.8756;60.8937;192.4292;55.4136;154.4577;68.0259;134.8087;31.8051;0.0;31.0365;40.8162;42.1484;90.5079;85.9518;35.4808;24.2999;105.8551;110.1319;43.7978;18.0148;23.4631;90.0846;27.737;58.6717;65.12;15.3438;20.1638;0.0;38.7588;31.4989;50.061;32.6153;38.8571;39.7936;57.5002;79.5249;24.0067;48.3898;33.5124;77.5819;56.0605;25.5846;29.426;156.601;27.5746;45.1132;29.8683;40.2072;44.8544;72.5917;0.0;65.425;47.0038;74.4693;79.2631;20.4047;22.7363;8.0039;60.7175;58.506;47.8031;0.0;70.455;0.0;23.0594;35.171;194.1488;79.1227;14.9101;65.1525;149.9708;63.0088;31.1157;72.3254;48.8794;55.4406;85.7595;51.8775;19.8674;11.1156;98.1557;21.5195;37.1433;57.4494;50.5948;0.0;17.8807;53.5629;47.0339;0.0;59.7463;30.8287;53.0602;37.5012;52.6862;38.6781;117.4423;15.0713;26.968;112.864;45.514;43.1047;67.8379;109.0594;34.6777;42.1856;100.3328;20.2144;61.3207;29.7535;34.6464;97.2632;123.4663;51.4512;46.4049;44.3654;223.9566;16.23;13.3962;32.4915;65.8252;119.1181;30.6882;18.6568;25.7028;60.0436;32.3285;73.2656;38.304;35.2718;26.7371;32.7394;16.5495;19.9722;35.7603;32.3958;29.6079;77.0579;86.3411;23.6477;31.0606;26.5752;47.286;14.1888;964.9795;89.1647;28.4684;50.0473;33.6779;53.148;101.6891;38.1199;0.0;0.0;59.7927;14.0309;80.3366;35.3212;28.9784;89.4109;62.1842;154.8548;70.6302;78.4643;30.5475;39.4229;78.5873;38.9865;71.7976;33.0467;156.8174;18.8633;122.2002;66.3563;172.4233;44.4119;99.0879;50.9617;9.0074;33.2538;47.7458;96.0356;7.6039;125.4675;33.2797;0.0;45.9442;77.2664;80.8276;41.5718;82.9365;42.3482;176.3471;159.5404;85.4327;92.1352;43.6895;33.7108;42.6881;67.8934;81.0465;36.0365;33.5699;23.3608;74.828;16.1762;54.2403;66.3134;46.7273;52.8859;82.076;37.6073;28.5869;29.9107;85.4409;118.0643;89.7651;53.0074;83.4057;62.8879;86.6948;26.0692;59.7097;146.0069;33.0504;49.6576;73.8248;26.8247;35.8617;24.3418;0.0;75.4121;31.6525;65.2918;88.6421;56.9765;68.412;29.016;39.823;72.1965;67.31;48.4663;61.2967;48.6617;68.0295;47.2598;50.766;45.1237;85.279;52.5312;28.2714;56.7315;49.7213;75.3205;40.5969;40.1935;64.4545;37.0226;61.2947;16.414;0.0;29.6904;128.045;35.4848;0.0;141.5855;28.7129;28.5782;69.8068;46.4458;80.3514;27.0498;31.8845
2012;89.1142;12.7025;62.7592;0.0;20.1853;62.1754;11.8572;32.6698;76.0741;5.0711;11.9545;23.1785;39.9752;84.2907;59.591;71.7325;94.2987;30.0888;0.0;22.1056;35.4216;642.8165;32.2988;220.3037;0.0;32.2044;10.4962;40.9676;56.0116;31.3242;68.4173;35.261;54.8078;38.8322;33.6586;76.3664;28.8454;38.9354;65.0912;63.3914;50.3525;33.2163;20.5732;11.448;30.1114;29.0001;0.0;35.3932;37.4811;33.83;33.9675;34.7544;55.9124;370.0038;137.9232;44.4136;20.7938;8.4462;58.0275;76.3648;83.394;102.7218;185.4929;73.2316;630.4968;36.0898;106.1651;33.2952;34.477;22.8343;19.6315;33.7802;54.3159;34.0656;93.8657;0.0;42.0537;10.0996;20.0514;37.3752;38.57;13.1964;68.4503;107.5521;347.6927;74.5802;46.6211;36.8392;18.5831;32.1826;0.0;73.0306;54.2152;37.0594;33.5858;50.4595;15.9978;93.5485;61.757;59.4509;27.1058;13.0647;0.0;92.0556;0.0;58.6792;21.6077;103.0748;45.4472;17.4483;53.1212;47.3399;81.0818;10.0748;38.1448;61.6646;17.5643;34.8424;26.328;24.4297;31.3046;46.523;52.006;35.5812;59.5522;0.0;57.747;64.7296;14.1052;0.0;0.0;53.2476;46.801;64.9583;44.1482;14.6071;49.4021;67.5866;53.9557;46.2333;166.5108;59.2988;148.7297;58.575;100.3965;28.8556;0.0;36.7034;39.6675;30.7816;86.5342;108.2069;24.6729;22.5485;101.4935;89.7424;32.3;14.1374;17.5674;40.7994;21.9453;40.2293;52.4147;10.9573;23.6354;0.0;23.5354;22.0647;39.4664;37.633;29.0816;41.7806;43.796;67.3563;20.2311;39.3212;23.4858;62.7951;28.2605;22.5236;21.9742;110.7636;16.6144;33.2161;19.3448;27.965;42.9464;52.6924;0.0;0.0;35.8485;53.5587;59.0287;14.6419;20.3968;6.3304;39.0565;41.0947;45.1269;0.0;56.7827;0.0;24.9737;26.1463;196.591;58.9385;10.8843;58.3923;172.9286;53.1929;31.6732;54.847;35.5473;41.1181;66.9473;39.2198;18.9873;8.1226;80.1996;19.115;34.5309;49.1381;49.0712;0.0;11.8182;46.8669;37.6988;0.0;47.4015;23.3456;47.6584;30.0605;43.5621;23.4794;108.1322;9.153;18.0208;88.7479;40.1413;29.5423;45.2726;88.1053;29.2763;37.0968;81.7382;13.7812;43.1064;27.333;28.993;92.526;88.6944;39.8254;41.2774;34.0998;171.3119;11.5593;6.6454;29.8203;65.5004;71.9012;35.9297;19.7726;16.587;49.6008;24.0307;74.4106;34.813;11.8551;18.7404;51.2768;0.0;16.4491;28.7589;25.2291;24.4883;68.4904;63.6322;17.0473;0.0;18.6718;40.2234;13.5072;807.4689;87.8799;20.1684;43.5465;29.8022;41.9463;82.5236;31.9769;0.0;0.0;42.0539;12.231;68.3458;27.3888;23.1972;86.5186;40.8586;101.417;60.756;53.0776;28.3823;26.8962;66.1644;33.6728;54.6109;31.2212;139.9632;11.8489;88.9464;60.9764;156.8258;35.6175;78.5446;45.6664;6.466;28.2429;34.3121;74.8138;6.555;101.6413;30.1116;0.0;35.7277;56.5235;71.1588;27.5119;64.7243;31.202;128.1574;149.442;74.5012;66.0897;45.3354;25.6305;32.2937;53.6459;58.6798;30.7256;29.8389;18.0401;62.0449;12.2808;63.4578;58.9419;34.3502;45.7749;63.7531;30.0754;25.295;22.6106;71.1324;84.2576;67.6869;54.4864;64.2518;46.4359;56.197;20.6156;44.9111;125.8834;30.2542;0.0;40.4286;17.9525;31.6931;25.2617;0.0;58.3589;21.2088;55.0703;75.6554;37.5556;42.0604;21.0312;26.8856;63.9838;60.8363;41.3522;46.9125;42.0006;47.3818;36.9155;32.9669;31.4078;81.5844;43.2118;24.9747;38.7906;33.9433;67.2151;33.6557;32.8793;57.3735;23.7049;37.3759;16.8983;0.0;23.1401;74.37;31.4214;0.0;111.7073;27.422;25.7257;67.2692;37.1865;62.7499;19.7265;0.0
2011;86.6383;9.8978;51.0656;0.0;14.7541;54.9859;11.7164;30.1247;62.6733;7.1385;11.9753;23.4762;41.3786;87.1624;57.0944;73.3879;53.878;21.1187;0.0;19.8614;28.8023;568.9741;26.5085;196.672;0.0;29.4663;7.4598;37.2706;47.4753;30.3606;53.3205;28.8934;53.3351;38.6852;27.334;56.0381;24.9655;36.8134;53.8465;68.6206;48.2735;31.5437;13.0002;13.1107;21.1003;31.1342;0.0;29.2783;37.2842;29.364;33.2084;36.5569;50.8874;293.6033;124.1668;63.6585;17.9535;10.0269;54.3502;80.2148;77.5811;108.02;179.2632;69.7214;491.4542;35.6508;97.792;28.9302;32.4078;22.2108;15.3415;33.3085;47.4454;36.906;96.8598;0.0;44.6542;8.0939;18.5201;29.3919;29.4435;15.183;50.854;100.8532;290.5991;64.9886;44.7383;29.7572;17.3647;37.355;0.0;69.5816;55.8334;33.324;35.7369;42.6213;11.7583;93.2178;71.6396;53.8687;20.155;10.7126;0.0;78.7433;0.0;41.9965;23.3015;100.1723;35.9397;11.3813;48.8886;38.8146;82.3363;9.2859;35.8614;75.8154;0.0;23.5782;20.4539;18.4846;25.6327;32.8109;47.6815;24.3499;59.8244;0.0;49.542;56.9909;12.817;0.0;0.0;44.4906;47.6818;51.8422;38.0948;21.0612;52.5785;68.3587;49.9794;35.1836;94.1197;56.6852;129.9892;49.0041;84.3921;26.4217;0.0;42.3852;47.5642;20.7829;79.7122;102.1894;0.0;17.0147;84.6225;86.2858;29.0091;12.5257;14.8204;30.1612;29.6385;35.7622;40.0759;13.1942;21.2694;0.0;14.8151;17.3513;38.7431;47.3197;19.4406;33.6466;37.5272;68.8005;18.1311;37.7611;28.2518;53.8653;19.9639;23.6462;18.3018;130.7533;15.0642;43.0962;23.0431;27.0517;37.0067;69.9269;0.0;0.0;29.375;36.1415;53.9749;14.0678;34.599;6.0023;32.7538;39.5554;37.7773;0.0;51.114;0.0;22.0541;24.1966;170.9261;58.7788;10.4486;50.4964;122.2058;53.9525;30.5897;43.0797;30.8547;42.9654;63.5544;39.3579;30.2663;7.874;67.2679;17.4984;28.4533;42.7993;51.6681;0.0;11.6929;37.1761;45.0959;0.0;44.0692;22.7711;60.3051;17.6556;36.8431;24.9569;100.0968;9.9136;12.8422;77.3176;39.8088;23.5045;35.8897;81.4673;38.026;33.7237;78.6787;11.258;29.85;25.1933;23.9577;83.9737;79.0363;37.0162;34.1444;38.9992;158.7036;12.5639;8.1471;26.0522;63.8623;55.4542;33.7995;12.4367;21.7762;43.358;25.1215;71.0263;46.1946;27.4937;16.1796;58.9504;0.0;13.8855;28.5846;21.6823;20.3242;69.0577;61.1994;17.7597;0.0;21.7704;40.6959;16.8872;695.6445;95.6062;15.3415;34.7332;31.3691;45.6225;82.5115;30.1036;0.0;0.0;36.605;12.6824;65.2119;23.8187;19.525;67.0698;0.0;88.6835;56.8111;42.2116;27.4265;28.321;63.7317;31.5236;56.8476;32.3405;116.0413;6.4952;65.1754;54.0731;131.5981;32.3533;80.0083;41.2425;5.7231;29.3022;30.0974;76.376;5.922;80.3307;19.3826;0.0;32.93;38.8623;80.5805;14.5292;52.5516;0.0;81.8932;113.7204;70.69;55.3925;40.4198;18.924;32.7073;54.7981;51.5094;26.3139;28.84;25.9341;58.7543;14.3742;58.0578;51.2577;33.8762;44.7211;58.3133;31.6609;21.9537;25.015;67.4361;69.7491;55.7091;67.7069;56.5107;37.9914;55.2673;13.4619;31.1054;85.6727;25.0063;0.0;25.3325;18.4255;25.3628;24.3036;0.0;48.4817;21.5953;46.4687;70.7358;25.1221;44.4975;24.2356;24.5625;63.8964;52.9566;33.4335;34.3214;36.6368;44.0248;27.4176;24.4646;20.715;85.5752;37.5859;20.7769;30.976;38.7589;54.3535;34.9781;28.0228;50.4236;20.6759;32.5944;18.9049;0.0;20.1482;70.174;29.1562;0.0;132.6166;24.5011;24.6733;52.7529;37.5996;58.0975;20.5175;0.0
2010;83.6304;8.6837;50.732;0.0;9.9826;41.7429;11.2435;31.2119;52.1312;7.9313;11.3065;25.3312;32.5243;77.09;44.1556;68.1338;29.1347;17.6003;0.0;17.1552;30.7031;535.623;22.0674;139.1404;0.0;26.7073;8.6367;34.8633;41.6619;37.1308;45.9837;22.4006;45.1142;30.2001;20.0553;55.7512;22.6217;30.7499;44.4038;56.6912;40.085;26.538;9.2801;12.5904;0.0;29.4378;0.0;25.6307;35.8514;26.6608;28.8944;30.404;42.6484;203.0363;98.3547;46.2675;14.2342;14.6932;49.9003;75.1529;78.5048;94.7088;181.0594;66.0837;277.8894;22.7426;78.6494;25.6371;21.5153;21.4279;8.7635;35.3183;40.3292;37.2492;69.1681;0.0;31.7448;5.524;14.7305;20.8929;18.9683;16.4157;34.5308;78.1354;153.768;54.1964;34.6133;28.3586;23.2065;40.0786;0.0;53.2857;59.1677;28.2693;28.2169;39.9745;9.2103;60.0165;55.508;46.1019;17.5804;8.8059;0.0;60.6698;0.0;39.665;17.9632;75.5767;32.5282;11.5953;40.1321;32.5314;64.7814;12.603;32.5685;67.2171;0.0;15.5296;18.7232;16.3033;19.8482;21.802;41.4495;13.4259;48.7598;0.0;45.8423;50.9483;11.963;0.0;0.0;33.1829;38.9123;47.2241;34.5419;16.68;49.8916;76.9335;48.7976;32.2955;91.425;43.9662;101.7957;31.5425;80.867;23.309;0.0;42.3862;41.9478;14.6237;64.9894;83.9054;0.0;12.6318;75.361;85.1546;26.2965;12.8411;12.809;29.6342;28.3035;34.4036;32.2038;12.9322;10.4861;0.0;0.0;15.7952;35.4045;40.8112;20.5776;32.1474;26.3699;67.4989;16.529;35.9855;34.4033;43.1818;19.6352;21.0408;15.5766;155.1668;15.7279;31.4233;24.6465;0.0;33.2402;60.3439;0.0;0.0;14.4492;31.216;44.1635;10.7769;46.1919;5.7102;0.0;33.2654;30.3053;0.0;46.6448;0.0;20.7708;22.0306;131.8631;47.1413;8.8271;39.1111;104.3314;19.833;23.7293;35.2571;25.1127;40.5471;62.1572;40.3571;29.1826;7.9003;62.678;15.3;0.0;32.5489;52.0417;0.0;10.7728;25.8895;40.3835;0.0;28.9736;21.4315;68.1937;15.9764;35.1512;26.2256;84.6862;11.3579;10.1487;75.7541;36.8254;23.0277;22.4621;82.1196;32.5181;33.7203;85.0117;12.8482;22.9269;19.2275;20.121;70.9122;64.3306;38.8992;36.0341;40.2542;119.1967;11.8936;8.6394;27.0584;55.27;52.2432;29.9833;7.3556;27.0791;30.5013;20.0774;44.9761;41.0872;16.8242;16.2412;56.1941;0.0;12.8284;0.0;18.64;16.2289;56.8331;61.1098;15.9236;0.0;21.7736;41.8068;13.5631;671.5186;82.3429;10.8287;23.4546;25.4572;44.9247;66.7475;28.6781;0.0;0.0;33.6337;14.2818;64.4196;22.589;16.7635;51.9643;0.0;63.1069;57.7624;34.3509;27.2363;26.57;62.1281;26.5006;55.8147;31.7822;93.7209;9.4497;54.6171;41.3623;88.3771;27.4958;71.4197;38.2148;7.0151;29.626;31.3773;57.4006;4.4858;61.7907;13.6204;0.0;24.2122;36.4129;65.1799;15.5451;50.6181;0.0;71.5153;88.2135;57.463;45.9522;35.1294;13.0778;32.4554;52.1017;44.8399;23.2119;29.3167;17.852;52.7251;10.2825;42.0386;53.5223;28.4442;32.7328;57.0179;26.3498;20.7603;27.7661;63.8137;42.6053;45.621;57.4028;51.9354;34.1449;49.8558;10.7869;17.3328;57.1407;27.3848;0.0;18.7262;16.8225;24.3032;19.878;0.0;38.2789;21.3912;32.9902;64.7327;13.114;36.9094;22.4218;18.6523;56.1964;48.8291;28.9308;29.2608;30.407;36.8595;19.8708;15.1827;19.8082;78.5931;44.6224;17.7461;22.3094;33.2348;53.0022;34.17;28.1738;45.0915;19.0232;34.5378;17.1123;0.0;30.8473;86.5806;21.3233;0.0;85.4767;22.0285;0.0;42.3287;30.6789;54.9519;21.6592;0.0
2009;63.9411;5.7381;48.4288;0.0;8.3208;33.9941;11.156;28.6259;40.1029;4.4265;10.7833;17.1957;21.8705;67.8756;28.3064;47.3271;20.1819;11.9119;0.0;13.1033;25.8565;439.689;17.3712;87.2811;0.0;25.7663;3.8296;29.855;26.9657;28.7419;33.4302;19.5168;27.8827;19.8831;14.8144;54.9152;16.978;24.5499;32.1906;47.2404;39.3396;13.2059;5.2434;11.8456;0.0;28.3551;0.0;21.5589;26.7837;25.6174;25.9717;20.8177;38.1302;150.3897;61.1079;37.21;11.333;12.3531;54.0204;69.186;61.5164;78.5782;172.7549;45.1234;129.411;14.0713;52.8129;21.7191;16.5298;18.6953;8.2087;30.1581;27.038;27.0781;42.0197;0.0;21.5229;4.6891;11.9012;14.8448;15.0639;16.9367;0.0;70.1702;77.636;46.7145;24.641;24.1676;19.9926;36.571;0.0;31.7246;53.7548;24.38;15.1469;35.1359;7.4578;31.4422;45.5025;39.4139;14.1629;8.0183;0.0;50.5702;0.0;26.378;12.3438;36.6659;31.4375;10.3129;30.9879;25.4078;42.1163;7.5333;30.3924;60.1496;0.0;11.064;11.4489;10.4102;15.975;14.8735;33.6026;7.6709;34.0642;0.0;33.7445;45.2056;9.734;0.0;0.0;21.3499;25.1991;39.6847;31.5171;19.0323;35.4101;75.5025;36.6678;26.8521;75.3697;25.4164;69.5076;17.1558;77.2116;19.1506;0.0;49.3279;32.1717;8.7078;70.9452;33.8843;0.0;8.8521;55.731;63.1846;20.7759;7.0725;10.6971;0.0;24.9953;25.6582;24.6524;5.7666;8.6298;0.0;0.0;11.1683;26.2927;27.5611;17.1277;26.0613;15.5205;56.8245;13.3546;29.3522;0.0;34.5376;23.0576;20.1406;10.95;140.8192;18.1443;22.9544;17.0244;0.0;24.7285;56.1477;0.0;0.0;11.6863;25.0102;34.195;8.6187;40.3997;3.6707;0.0;25.7092;21.9723;0.0;38.7148;0.0;17.1019;18.0725;109.2708;34.0644;5.5268;27.2176;61.5751;11.7866;25.5548;28.4508;20.3907;41.6587;57.7864;35.4941;22.2729;6.3849;55.1168;11.6775;0.0;27.8298;47.3292;0.0;10.977;13.1754;28.659;0.0;10.3225;16.2492;73.0843;10.8549;34.3321;18.4827;73.2303;5.7721;8.0961;76.2617;29.0416;20.2313;0.0;53.6315;30.099;21.9637;85.2281;10.776;18.7842;16.022;16.2518;57.4395;48.7871;35.064;29.5741;31.3272;77.8408;8.2688;5.8602;22.9766;38.0405;40.3278;26.0209;5.8186;27.0679;25.9937;20.5411;35.9641;21.6161;6.322;11.4002;43.4996;0.0;13.2885;0.0;13.6985;12.0323;41.9997;48.1408;15.8277;0.0;23.4086;42.954;11.8507;548.0708;67.4602;8.6289;15.7627;20.1158;32.8788;45.7014;27.2595;0.0;0.0;26.8558;16.3348;55.3906;16.7309;15.7289;43.5544;0.0;28.3388;41.2637;24.267;30.6469;20.3714;54.4629;19.7021;38.1065;30.961;67.9758;10.3457;31.1813;42.1183;58.743;19.9246;55.1483;33.6155;4.9088;24.2922;21.1631;34.9287;3.486;46.6851;9.9909;0.0;11.3698;25.4477;53.4554;10.396;48.2488;0.0;55.9542;54.8168;26.9299;33.181;31.3824;7.8651;27.0678;41.7528;30.533;20.6482;24.4116;24.1134;40.156;9.2138;25.9353;41.0466;18.7262;20.9124;47.2842;20.7265;13.3967;27.3292;55.7986;27.2492;36.7278;47.9256;44.2287;24.5009;41.1662;7.8143;10.5898;39.4382;22.8521;0.0;15.9631;11.3969;19.355;11.9125;0.0;26.6216;6.7662;26.2215;52.1669;7.245;25.4957;17.3344;19.2142;37.6169;32.8625;21.0544;28.435;30.4584;33.6777;15.8658;8.8293;16.4837;52.3845;48.0556;15.9949;17.4459;31.6156;50.5517;29.2725;23.4271;38.1492;17.9928;27.4112;16.6019;0.0;33.6781;52.1108;16.1785;0.0;45.5663;18.8933;0.0;32.784;22.794;45.9336;14.0515;0.0
2008;71.5233;5.7417;55.1625;0.0;15.6395;35.8004;14.2535;35.3267;35.5442;5.3487;15.1207;28.6868;30.153;83.3279;34.329;90.9768;18.1343;10.9486;0.0;17.0539;42.9215;464.852;32.735;69.88;0.0;40.871;7.7421;39.0019;37.9375;551.4253;37.5275;20.677;40.791;19.5523;18.9156;51.1413;19.5297;27.5124;37.7836;52.2602;44.1286;39.5249;5.0707;16.7049;0.0;33.4765;0.0;24.8906;54.2721;33.2274;26.1337;32.5569;40.7955;120.5261;88.6649;65.4273;10.9858;30.7568;61.4454;81.2159;81.3388;87.1254;186.5454;66.4382;99.0855;19.3711;86.0889;21.6487;0.0;18.0114;11.1214;34.4087;43.3757;35.1157;64.9185;0.0;34.0058;4.9226;14.6403;10.9368;22.1826;20.6911;0.0;84.8966;82.2162;54.6238;35.9951;31.4783;22.4805;190.4866;0.0;29.5677;79.9483;26.9072;13.4947;36.0659;9.4825;26.44;74.857;41.228;18.8768;9.7416;0.0;63.8835;0.0;32.2524;17.6433;51.0216;36.5;11.8509;36.0066;26.0378;67.3875;9.4677;36.9018;94.9448;0.0;14.3086;9.8964;6.5037;25.5756;11.2731;41.8315;11.0327;42.0821;0.0;40.3545;52.3581;20.8798;0.0;0.0;29.1958;35.9162;43.6586;45.4858;41.4605;46.5163;102.5175;50.9154;32.8134;73.4356;38.4615;105.3504;21.2769;84.8851;22.1762;0.0;73.5093;39.3384;14.2068;82.6822;25.2436;0.0;10.9377;71.5571;81.4992;28.7252;16.5017;11.6064;0.0;33.3165;32.8043;28.8959;5.0846;0.0;0.0;0.0;15.242;29.8109;40.3859;17.1436;42.4073;20.1398;78.7797;27.9773;30.9875;0.0;40.5919;24.5922;20.9448;16.4155;152.0896;21.1271;36.1681;56.0278;0.0;31.6051;89.6031;0.0;0.0;17.1599;25.6533;48.3337;9.0207;43.3444;9.1728;0.0;31.411;24.4557;0.0;45.2348;0.0;19.9608;22.2634;110.0449;39.5098;7.6115;27.5041;85.4821;17.1268;27.1419;31.1192;21.782;69.0461;64.914;39.8268;23.4781;16.126;61.546;32.4323;0.0;35.4509;42.0865;0.0;13.3578;15.9842;33.6407;0.0;50.0947;17.5125;76.5651;13.8994;45.5674;42.8803;80.9665;11.7021;8.8608;100.1382;40.3964;22.5246;0.0;77.6737;42.9686;27.6382;102.6779;16.5611;21.3044;18.3103;18.0554;58.0636;52.2585;46.9104;37.1038;50.583;94.2964;39.5192;5.5857;26.6475;47.3674;63.365;30.3319;5.2726;35.3027;33.8908;33.1187;59.1238;20.607;4.0947;18.5258;43.387;0.0;14.7308;0.0;15.0152;16.1553;58.1412;65.8185;17.4944;0.0;34.6081;56.6486;15.9459;541.8032;72.0438;8.5861;20.8289;20.003;40.8161;61.4471;31.9715;0.0;0.0;32.1991;17.1025;65.9341;24.3244;19.3092;48.7876;0.0;49.0876;63.2974;29.0839;43.2133;43.2139;66.1368;44.2249;63.4051;39.5352;81.8342;12.3125;34.3471;42.7245;58.9468;25.6784;63.89;56.6968;14.9954;29.3292;20.2211;45.9906;3.3331;55.3273;8.0962;0.0;13.4276;28.3232;82.2184;15.8658;52.4001;0.0;54.7869;82.2517;70.4141;49.4246;36.1882;7.6088;30.0113;60.4966;47.5499;21.7785;28.4302;33.3022;50.3472;20.1233;27.458;47.5238;30.3326;26.7026;55.6137;25.3153;42.7955;38.0262;57.4607;31.6496;36.6898;93.0485;45.1735;29.6764;51.8596;7.5087;9.2138;36.0942;30.8775;0.0;14.2345;13.6853;30.8522;21.9145;0.0;33.1717;15.988;32.2858;64.428;15.787;26.5454;21.4391;39.2462;49.7837;41.1702;30.9825;0.0;34.8961;25.9329;17.5517;17.6363;16.8488;83.9122;66.6341;17.5569;21.478;32.5566;55.0489;33.6649;29.3463;45.0012;21.4458;25.8896;21.4666;0.0;54.1221;70.6599;29.4283;0.0;85.5082;19.9524;0.0;34.6884;29.5527;65.1608;38.1145;0.0
2007;83.9997;6.739;54.4193;0.0;12.7926;38.7294;9.9727;41.9653;37.3539;13.5985;21.2175;26.5928;35.8961;84.5398;41.2534;100.3729;13.6236;20.8028;0.0;20.2755;58.1857;538.7504;74.4969;67.2261;0.0;52.0164;35.672;46.4724;59.2375;1334.0773;41.0642;0.0;60.3153;24.3605;17.4201;57.9245;18.4564;35.5675;30.2388;80.6494;42.0463;63.5619;4.5812;19.4981;0.0;35.1791;0.0;28.2486;57.0897;39.2681;29.8463;44.6509;47.4395;125.0602;121.0187;79.1388;12.4357;49.54;54.7795;78.0784;77.4825;82.9541;169.0773;94.551;71.7057;21.0489;108.3406;28.8082;0.0;19.8758;8.8686;37.8879;70.4976;47.3818;72.6705;0.0;35.2041;5.6536;17.5367;13.8631;11.5889;20.7049;0.0;82.4233;92.5682;59.3378;50.7116;43.0627;28.5748;477.7845;0.0;35.0245;115.5199;26.8949;19.9126;34.7012;12.6611;17.0909;76.6415;47.9544;23.4986;7.8863;0.0;59.6883;0.0;36.5893;14.1578;49.8021;36.7161;19.3062;38.4226;28.3093;63.9727;18.558;37.2812;77.3541;0.0;21.6068;11.3541;0.0;43.5219;12.3524;43.8886;21.7178;48.9729;0.0;48.6814;58.0042;36.821;0.0;0.0;32.1856;44.7499;44.3747;53.158;52.6335;48.382;107.9167;37.3402;39.5594;90.143;44.8386;120.9323;22.5392;101.7896;25.9821;0.0;73.3067;44.7178;16.8114;83.2232;36.8689;0.0;10.3242;85.7758;107.6147;47.2755;36.8701;13.2347;0.0;23.4866;23.3664;22.3539;8.1386;0.0;0.0;0.0;23.2639;42.1239;41.1233;18.7792;78.5143;22.9953;81.4945;37.8111;28.9677;0.0;49.0075;19.79;20.2225;19.1041;211.8349;21.5603;34.6078;95.1054;0.0;33.4219;61.9188;0.0;0.0;30.5235;36.0962;54.4559;9.276;46.1124;19.9957;0.0;35.8471;24.9546;0.0;53.9484;0.0;23.4127;29.7206;105.8009;49.905;11.2474;29.6794;61.8175;20.6845;29.3747;27.3017;25.1047;62.7956;63.9777;47.7534;27.0609;33.8298;69.1857;43.8601;0.0;53.6816;64.526;0.0;13.7885;24.6965;50.5904;0.0;99.0874;21.7184;73.9538;35.5459;55.4875;66.0304;72.8182;20.838;7.1365;100.7586;47.1635;29.6754;0.0;107.1014;54.3146;43.4326;134.7102;26.9056;14.3525;30.1583;18.6018;50.9826;59.2432;51.8194;50.6622;64.6909;97.5433;78.4795;11.3865;30.4459;52.7072;87.0808;33.4784;7.3036;71.5565;72.0;35.0812;53.2138;31.8315;3.1239;28.9198;44.1407;0.0;15.4062;0.0;14.1544;21.498;52.0374;76.6378;18.5743;0.0;39.1675;59.977;27.7245;619.9495;57.3952;8.2202;23.6344;19.5037;53.3492;66.4571;40.5026;0.0;0.0;33.9655;18.8424;68.3055;25.987;25.2537;0.0;0.0;45.4765;71.6582;36.1906;45.2822;61.3586;65.9629;58.4869;93.7796;42.6499;85.8333;21.8697;52.6943;41.2444;83.012;31.963;71.5275;75.5136;32.218;30.3842;22.6923;66.2755;3.2851;58.9016;7.5173;0.0;11.6935;32.0724;83.7735;24.6561;59.5396;0.0;65.6795;99.736;121.5934;49.7771;36.3639;14.1193;27.681;66.7645;50.3517;26.4639;33.3446;54.8499;52.6803;18.2637;45.0836;61.0048;35.9526;21.8891;71.5495;33.5531;56.0566;42.8218;63.6621;48.7903;48.4008;42.1454;52.5644;34.2773;52.5778;7.1489;12.013;39.1653;39.8936;0.0;13.5633;19.013;33.534;27.0246;0.0;28.3941;42.103;52.2287;73.3171;29.9812;27.848;24.1416;66.7147;45.0337;41.2984;30.0459;0.0;41.2237;31.3792;20.816;30.8298;0.0;112.0503;101.4289;20.9884;17.9338;43.5077;46.9265;36.6594;34.7297;43.0391;22.329;21.657;21.4945;0.0;75.4112;94.1942;31.2602;0.0;113.5523;22.4951;0.0;33.1181;37.5448;80.8169;74.0548;0.0
2006;76.9101;7.0944;45.0284;0.0;12.8041;30.5462;6.9348;35.5977;36.8637;28.1082;19.2432;22.8849;33.7974;65.7478;25.796;92.8933;8.7138;9.092;0.0;17.3019;57.3418;411.1921;76.8932;35.9104;0.0;51.5417;44.3224;36.7647;54.4125;1306.5355;33.3519;0.0;46.5485;22.2595;13.3007;70.644;14.261;33.9971;23.6299;75.2714;36.2605;61.9351;2.529;17.5967;0.0;36.6442;0.0;27.8121;49.7594;29.2742;28.2387;37.2451;46.2821;98.3679;113.175;73.5285;10.1028;49.635;40.9353;65.5807;62.8331;68.938;138.3408;79.9455;30.5704;14.804;94.8337;24.1178;0.0;0.0;6.2781;34.8659;81.1766;46.164;68.7076;0.0;20.2324;5.838;13.6039;10.949;3.4969;16.808;0.0;63.0654;53.9183;54.2014;37.9585;45.5675;21.6135;489.2769;0.0;33.5142;92.7446;21.936;16.4825;29.9258;11.0281;0.0;63.8329;45.6378;26.2546;6.7579;0.0;52.6214;0.0;32.5308;10.6356;28.2367;30.3309;27.5871;32.5316;27.4269;40.7458;0.0;30.0849;62.9874;0.0;0.0;7.2966;0.0;31.8941;9.3147;38.2912;25.6557;47.7828;0.0;42.6139;89.1136;37.114;0.0;0.0;26.8944;35.6021;40.6188;42.5285;51.4545;41.3765;76.2484;34.4419;36.3948;58.4891;47.0215;113.9302;19.2069;95.2253;22.8068;0.0;57.842;44.081;16.4103;65.3509;29.4825;0.0;10.0517;72.4517;109.6667;38.5378;38.8674;11.3474;0.0;13.3746;17.3306;15.9121;7.6951;0.0;0.0;0.0;19.4597;32.668;28.4123;18.1883;44.3154;15.6886;67.0933;34.3534;26.1431;0.0;43.7089;15.4776;22.7904;17.7181;160.2707;22.8512;34.3181;85.6143;0.0;29.0594;47.4372;0.0;0.0;21.2987;38.2587;40.7673;8.8896;34.5137;23.9105;0.0;30.8921;20.6162;0.0;46.5886;0.0;19.9565;13.6686;83.1079;38.0258;9.8563;29.2867;35.6529;24.3458;26.8698;22.4616;20.8594;40.31;62.2075;43.9335;17.531;36.5296;61.8582;39.2855;0.0;47.0178;58.7156;0.0;10.6422;26.246;45.5709;0.0;66.8981;24.2309;75.6669;51.1488;55.0888;58.5825;56.1697;20.1464;5.3753;78.5987;35.9986;30.7034;0.0;117.2633;40.3136;37.4723;91.2924;29.3692;6.675;32.9295;17.5265;36.7868;50.6928;50.5995;38.2875;53.1699;64.4814;41.6195;15.4867;26.2908;56.5208;76.5216;32.1665;5.4906;66.5332;89.9664;34.5341;31.8628;34.5562;3.691;26.569;50.7794;0.0;10.995;0.0;10.6632;21.8041;49.1394;66.0729;18.028;0.0;24.2925;51.0722;18.0965;625.4774;48.3877;8.7713;17.6609;15.2314;35.7912;52.1133;38.2014;0.0;0.0;33.9914;17.0777;61.0908;21.2518;25.6807;0.0;0.0;42.8646;69.4805;32.0414;32.2789;52.8561;59.5172;53.6971;77.0306;32.8774;81.471;33.6845;39.4951;42.4008;61.7951;29.4693;61.6167;66.4477;35.7335;26.9769;21.7403;65.6245;2.7319;45.8363;6.9909;0.0;8.6181;24.1142;62.4011;23.8872;48.5733;0.0;52.2523;84.7094;102.9784;41.7642;33.94;17.6191;24.2235;47.5613;47.8054;21.056;31.7212;0.0;41.3001;15.1944;34.2073;52.9923;0.0;14.3011;61.5547;31.1433;44.5314;34.3745;61.6765;51.1973;53.0907;16.6107;45.8674;29.5654;38.0563;6.4448;13.2834;24.614;41.9764;0.0;11.6246;14.8975;31.9363;28.5536;0.0;22.1449;33.4726;51.0337;76.3768;27.932;26.2407;19.5785;58.016;51.5397;35.1359;22.1914;0.0;34.0455;35.8992;16.5883;27.0988;0.0;101.9012;79.9679;23.6775;15.793;44.4581;46.6282;35.2881;34.0724;37.494;18.7809;19.5005;21.7814;0.0;65.206;85.1312;23.4983;0.0;73.1779;19.9509;0.0;25.9955;37.8273;67.383;80.3161;0.0
2005;77.8105;4.939;45.37;0.0;10.0279;25.0409;6.7673;30.7667;38.0688;19.9124;15.6625;21.3318;27.0609;59.2206;18.2381;74.8892;6.0305;7.319;0.0;13.932;55.6563;277.7611;68.2369;39.8969;0.0;52.3488;29.0685;36.1981;53.1773;1225.5412;21.2449;0.0;38.4656;17.1485;11.8667;69.9494;10.185;36.636;18.1238;68.721;27.6844;49.0826;1.667;16.9786;0.0;22.6706;0.0;28.9124;36.4051;23.9729;27.6772;37.1036;43.9954;90.4315;78.7766;51.1832;9.9272;44.906;37.2682;56.0083;57.1608;55.5089;84.8541;62.2871;22.8852;13.6981;67.4912;24.2257;0.0;0.0;4.8078;29.6987;78.5711;52.4663;50.8699;0.0;17.0695;7.2846;12.7747;8.7532;2.993;12.5675;0.0;57.5844;0.0;46.2346;33.964;42.3315;18.1615;466.1794;0.0;24.0267;53.9664;21.3772;11.378;26.0852;10.2161;0.0;57.7085;45.2812;26.3755;5.9464;0.0;45.7363;0.0;20.6836;7.2454;19.7027;27.1268;33.815;26.9386;22.7992;33.1285;0.0;27.376;52.671;0.0;0.0;7.4403;0.0;29.1699;8.2406;37.4025;21.357;38.996;0.0;45.1342;83.2975;32.285;0.0;0.0;27.0306;31.9303;32.8883;39.2521;57.6032;33.9536;71.8092;28.3973;33.7772;40.3582;36.3646;82.6112;19.6148;92.5031;22.9733;0.0;49.441;28.0989;14.2474;58.2331;23.8857;0.0;7.8894;56.7915;90.2494;36.711;42.1194;10.6376;0.0;14.1326;10.4389;13.3382;10.3745;0.0;0.0;0.0;16.8557;26.0178;20.9193;19.9046;26.5496;10.8789;55.3867;35.2129;24.5537;0.0;43.5658;10.5689;17.4244;15.7476;112.4155;25.5351;25.7396;75.4134;0.0;26.1049;36.6378;0.0;0.0;11.4066;40.1035;36.9259;7.8437;24.31;23.6518;0.0;27.0482;15.3948;0.0;43.0408;0.0;24.9236;7.0275;83.7861;37.1752;11.9052;22.5531;21.2424;0.0;22.1143;20.7425;18.9423;28.4787;64.6922;36.069;23.5049;32.9594;62.5197;29.3626;0.0;47.1788;50.5402;0.0;9.1133;22.2324;30.4427;0.0;39.7031;25.453;0.0;58.5298;55.0222;47.9796;47.7018;12.2157;3.2301;61.264;27.1504;30.2705;0.0;105.0801;26.8132;32.1651;65.3941;32.1349;0.0;40.0641;16.8736;31.8895;42.1531;53.8588;30.6525;45.0822;50.6802;39.1547;11.6392;25.871;43.0729;84.7906;31.3926;1.7545;53.9402;77.0722;20.7187;25.5686;27.8207;2.5972;22.9154;42.2362;0.0;10.3924;0.0;10.5025;23.1453;36.6043;54.9878;21.1499;0.0;19.1742;28.3784;9.5138;782.6614;37.3682;6.4968;15.2078;12.8311;31.3993;42.9959;34.1562;0.0;0.0;39.6445;13.8453;55.569;20.9835;25.5458;0.0;0.0;44.6049;56.0741;32.2933;29.0604;43.3738;55.1318;42.2186;63.8947;29.4494;62.3659;39.1626;30.0992;39.2675;45.2142;20.6521;51.6863;55.0046;33.1344;23.1959;16.6809;54.0559;2.5274;35.5236;6.8159;0.0;5.192;12.796;39.4465;17.8726;41.5435;0.0;44.664;68.1743;61.6319;34.7152;33.9536;13.3982;24.7049;48.4228;47.1951;18.24;34.368;0.0;31.5601;23.5053;31.1377;52.9503;0.0;8.8428;59.8488;28.6348;37.3217;30.2127;57.6952;68.6096;59.8595;15.1113;40.6115;26.3047;28.3203;5.7816;11.6243;0.0;40.4997;0.0;7.6346;17.5956;29.4704;22.8986;0.0;16.9113;0.0;51.529;73.2356;19.4179;25.6429;18.8765;41.3571;39.8224;28.9725;26.0277;0.0;33.8472;16.3817;14.2816;25.5268;0.0;79.2502;63.06;16.466;11.3643;44.9306;48.7378;28.9429;30.3208;35.2561;13.2077;13.2017;0.0;0.0;65.7741;72.2469;19.9729;0.0;55.8306;18.444;0.0;24.7913;44.0973;76.1592;70.8528;0.0
2004;81.8671;4.8372;42.3562;0.0;10.7094;25.0749;4.148;23.1046;26.6439;15.4942;9.9715;19.7651;26.8795;52.0469;16.0312;62.1814;4.9553;16.5198;0.0;12.9413;46.7921;151.8013;52.2375;43.5652;0.0;45.9069;0.0;32.4044;51.6529;1385.9675;14.284;0.0;0.0;14.0905;8.5463;58.9005;8.0752;42.9503;11.7037;44.1923;25.585;42.4344;0.6344;18.7265;0.0;17.3363;0.0;31.5675;26.2077;25.2625;25.4741;20.757;42.8188;83.0692;57.9965;38.5515;8.9822;42.6179;31.4834;49.9393;58.7913;55.2252;65.9016;47.686;22.9525;11.2419;53.3521;25.155;0.0;0.0;3.2023;26.9437;71.8226;46.4798;39.8557;0.0;0.0;4.8318;10.8819;5.6177;0.0;10.3923;0.0;47.8862;0.0;41.3338;21.7671;42.4079;21.6024;470.8683;0.0;20.3877;27.1165;23.2246;6.9173;26.3195;9.8952;0.0;38.0938;42.2277;18.5113;5.2604;0.0;41.2224;0.0;14.2972;5.5081;16.0823;20.2609;23.1596;24.9612;15.5025;32.968;0.0;24.5536;32.9842;0.0;0.0;0.0;0.0;32.5505;9.4094;32.0751;15.6202;39.838;0.0;40.8835;66.3426;32.5895;0.0;0.0;22.7064;30.7962;30.4429;25.9102;49.8208;31.4876;59.2262;14.2884;25.6546;32.9181;30.7698;69.546;21.896;81.3115;20.4128;0.0;35.7168;23.1506;13.5064;45.2936;15.913;0.0;6.9302;43.5549;79.8663;35.8874;52.5229;9.1882;0.0;12.7075;7.5634;10.6231;14.4137;0.0;0.0;0.0;17.6882;18.6012;18.3415;21.3692;21.7591;12.0271;48.6959;32.8789;23.0695;0.0;37.4732;8.0435;12.0717;15.508;97.3306;24.9824;15.9055;63.7457;0.0;25.9848;24.8066;0.0;0.0;4.9002;37.2034;35.2103;7.1868;20.7914;23.2393;0.0;21.6543;13.4585;0.0;43.9697;0.0;25.563;0.0;90.7759;37.5583;13.7625;21.5639;7.47;0.0;20.4705;17.1489;18.9822;21.1903;55.888;38.6985;24.6072;31.2376;63.5795;24.4288;0.0;46.626;46.9245;0.0;8.4617;20.8468;24.9893;0.0;48.4292;25.7759;0.0;46.6632;65.8781;45.4999;39.4174;0.0;2.248;51.8846;19.7837;26.9552;0.0;94.6571;17.9623;24.4984;45.9;31.0244;0.0;46.6925;17.02;27.8443;30.0738;49.485;42.0267;36.2059;46.145;23.9029;13.6363;27.1247;37.0563;78.439;32.2483;0.4351;53.4384;70.5034;7.603;15.122;22.5893;3.4134;22.8223;43.0408;0.0;8.3647;0.0;9.4852;21.1361;26.8956;51.8731;23.988;0.0;12.4652;19.0139;6.4659;515.7458;24.9815;5.2887;11.7909;12.121;27.375;40.3679;33.8442;0.0;0.0;31.9231;10.2187;51.3;19.4471;32.9606;0.0;0.0;33.1128;54.14;30.46;23.3142;35.7312;53.4001;35.6393;46.1936;21.6421;48.6644;26.5978;20.2959;35.5753;34.8782;17.1409;46.097;44.3049;31.3521;19.077;11.8786;37.1866;2.1511;27.146;6.677;0.0;3.9945;5.5796;31.2243;14.3798;33.9556;0.0;39.52;53.0717;46.752;32.0491;30.2544;11.0597;23.1371;47.1057;36.8964;24.6367;35.7888;0.0;25.9485;21.5425;21.5341;44.9953;0.0;7.1904;47.2629;25.2613;30.3258;30.9947;52.2978;58.975;45.8084;14.0095;38.3066;24.7151;28.2671;5.8993;9.4295;0.0;38.2411;0.0;9.0513;17.4987;28.3507;20.0511;0.0;15.1555;0.0;33.6749;74.3144;17.9114;22.9558;15.2412;17.3929;39.3426;25.3606;20.5122;0.0;38.2751;10.0132;12.0672;0.0;0.0;60.4914;48.0754;12.3202;8.7821;35.7993;54.9097;28.7719;29.2743;34.7443;9.9922;9.4251;0.0;0.0;63.3377;65.9493;11.8806;0.0;42.6872;17.3296;0.0;19.6045;52.0815;78.3527;61.0669;0.0
2003;68.7913;5.0654;41.2709;0.0;5.6914;19.4309;2.2708;17.5415;20.482;9.4163;6.2698;16.3961;20.2394;44.3672;13.5229;46.4588;3.8359;10.4777;0.0;9.949;36.9074;0.0;41.3494;37.7364;0.0;42.3959;0.0;26.9804;41.5587;1152.6524;8.4294;0.0;0.0;14.8085;5.9205;61.4387;6.2334;36.2051;7.7585;34.8379;22.0601;47.1571;0.3311;17.5291;0.0;12.7297;0.0;27.354;0.0;23.6969;23.6107;8.5596;35.8212;80.9075;42.9686;30.9054;6.6069;37.7273;26.5806;36.3223;48.9149;48.0377;46.3473;33.2674;20.6458;8.0444;41.8885;25.2421;0.0;0.0;2.1648;24.2963;47.1488;30.6254;30.4009;0.0;0.0;3.1174;8.2958;3.9481;0.0;10.4709;0.0;35.3649;0.0;32.9773;15.9733;38.4482;17.8145;419.2841;0.0;19.2252;12.3322;22.0383;3.7477;27.3926;10.0527;0.0;26.9633;40.5167;14.0344;2.5756;0.0;33.1767;0.0;8.3275;5.1188;9.3846;14.4925;14.4423;18.0978;9.3698;24.8532;0.0;20.0455;24.7417;0.0;0.0;0.0;0.0;32.8805;9.8955;29.8231;0.0;32.4872;0.0;39.0483;52.3143;28.0224;0.0;0.0;16.7169;21.3443;25.6768;16.5167;37.476;26.4268;50.7679;10.2346;22.9499;12.2986;27.135;58.2233;16.6991;69.7879;15.8843;0.0;28.6043;17.7707;0.0;36.1314;8.9374;0.0;4.7242;33.5854;63.0786;28.4095;55.6456;8.771;0.0;6.8957;5.8569;5.8651;10.7403;0.0;0.0;0.0;15.3458;13.4728;13.3674;17.7138;20.8418;9.4853;36.6755;28.0469;22.9425;0.0;31.5865;6.4359;8.7934;11.7442;82.5403;21.5576;11.2621;48.3432;0.0;20.7267;16.1487;0.0;0.0;3.2074;30.2037;26.6608;5.8135;19.6504;20.1278;0.0;15.4372;9.8361;0.0;33.8615;0.0;23.5973;0.0;85.1123;32.1645;12.9896;22.8545;4.6905;0.0;16.3825;10.1579;16.1032;21.3401;52.6047;31.259;13.4259;25.8854;50.1823;19.2144;0.0;47.3402;54.0377;0.0;8.1924;15.2262;20.1992;0.0;0.0;20.9152;0.0;34.8802;63.5109;34.6845;30.8996;0.0;2.1092;48.5033;14.567;23.5406;0.0;86.4285;13.0365;19.0576;35.051;23.1863;0.0;40.2797;13.085;20.176;30.4095;47.295;53.2612;28.715;35.6106;16.1419;11.467;26.1014;28.0148;61.8052;30.9235;0.1113;46.8102;41.1585;7.8585;10.401;17.2925;2.0813;26.2011;34.4973;0.0;7.7406;0.0;6.8808;19.4807;19.9832;44.7786;12.9615;0.0;10.7958;11.7326;5.8994;409.9869;16.571;3.505;9.8214;12.2052;19.8738;30.4202;31.9346;0.0;0.0;19.6391;6.0654;44.1272;13.0019;31.8957;0.0;0.0;25.9155;47.8357;26.1189;19.4853;30.8866;45.1912;28.8864;34.6833;19.8121;36.2337;16.4614;14.2452;19.5594;25.4728;14.5376;36.4022;35.0235;28.0842;14.9842;9.5775;25.7742;1.7828;19.6081;5.5579;0.0;0.0;2.5369;22.6176;17.1116;27.017;0.0;29.1878;39.2972;33.3759;28.4238;29.2156;6.6409;23.2051;36.0716;25.1716;27.7931;30.7433;0.0;18.0179;18.5369;12.8509;35.3113;0.0;5.2495;42.6076;21.1053;20.3114;27.9691;44.3224;35.0268;35.199;8.2611;35.1937;19.9203;20.9288;4.879;6.9345;0.0;35.2852;0.0;5.5201;11.2781;23.8215;17.3473;0.0;14.9564;0.0;24.2463;64.0125;13.9065;22.6883;13.7991;9.7576;28.5674;15.422;12.7357;0.0;35.7338;12.7675;9.5578;0.0;0.0;43.6376;38.2581;9.4052;7.0412;31.818;54.3115;24.5213;25.2784;29.9846;6.6227;10.5345;0.0;0.0;54.2857;61.0098;7.197;0.0;17.7141;14.2465;0.0;14.2059;33.0074;50.6865;51.9568;0.0
2002;60.8725;4.4653;45.8684;0.0;7.3791;20.2345;3.2576;14.9221;16.9008;10.3358;5.5144;14.6837;22.9473;46.5243;14.0956;43.0206;4.0792;3.4513;0.0;11.75;37.0497;0.0;47.7406;16.4817;0.0;41.9454;0.0;36.3044;36.8456;1329.0643;3.5917;0.0;0.0;17.0375;5.1171;49.3918;5.1436;32.5471;5.5298;31.2864;27.2775;55.274;0.3418;18.888;0.0;13.1588;0.0;30.9356;0.0;30.5769;22.2558;7.8945;46.1821;73.9027;44.4137;32.4436;5.658;33.8107;43.1442;32.9676;48.1575;39.7467;42.1299;39.7153;19.5723;6.9636;38.0618;30.932;0.0;0.0;1.8678;25.2008;45.6777;27.7481;24.0134;0.0;0.0;2.1447;15.8099;5.3353;0.0;11.4492;0.0;39.8115;0.0;34.7948;27.2561;40.3073;14.6163;398.7333;0.0;11.142;8.6248;24.8825;2.1793;27.0797;9.1084;0.0;27.2455;41.523;13.2275;3.8516;0.0;37.2982;0.0;4.532;5.5699;8.5265;14.7038;11.1793;15.9414;7.874;22.7948;0.0;18.5552;22.885;0.0;0.0;0.0;0.0;21.9887;10.1251;29.0688;0.0;33.1289;0.0;43.1431;86.0011;25.3242;0.0;0.0;21.189;18.6068;22.585;14.2095;30.5005;26.5801;42.3805;9.3539;25.2076;24.2264;26.7967;50.4151;15.8171;60.8207;13.976;0.0;25.0011;14.759;0.0;37.6974;7.0477;0.0;4.5401;26.3933;52.5266;32.9645;63.8093;9.3609;0.0;5.4326;7.5458;7.9195;13.2212;0.0;0.0;0.0;12.6762;12.464;7.8329;13.5581;10.77;10.2517;43.9084;31.1375;22.4029;0.0;33.3167;4.2569;7.7336;11.181;77.5627;22.2562;7.8105;56.2669;0.0;20.3784;22.8765;0.0;0.0;2.2439;37.6407;31.4742;6.0414;17.1358;19.094;0.0;14.8773;7.3246;0.0;33.7146;0.0;23.2959;0.0;84.1902;32.7098;23.4323;21.8999;5.4714;0.0;13.1985;6.6065;17.1331;17.0843;57.637;28.8712;9.3164;25.7546;58.8004;15.7141;0.0;46.8062;67.136;0.0;9.5367;17.2302;18.2937;0.0;0.0;23.5035;0.0;26.8951;64.8852;40.8278;27.7473;0.0;0.0;58.8706;17.2243;21.2273;0.0;80.6771;12.6442;18.2184;37.1742;24.3076;0.0;41.8375;11.9118;24.2111;33.2391;44.4114;54.0482;28.5461;36.8415;17.1917;22.8848;27.2745;25.3661;56.9752;38.6423;0.0857;45.4186;51.1655;10.2504;10.5928;13.4933;0.8504;31.8284;26.1872;0.0;7.1451;0.0;6.3656;20.5027;21.3387;55.6289;9.0283;0.0;0.0;13.4723;9.6149;307.7723;14.0389;1.4799;9.6723;11.0963;12.7115;30.3176;31.2522;0.0;0.0;20.0464;5.1614;46.1663;12.9057;34.8486;0.0;0.0;22.9482;49.6433;26.2344;16.9436;27.4238;43.811;27.8455;31.1694;18.7445;34.4014;12.0644;13.4389;17.1376;24.3369;13.7595;32.7001;29.8545;27.2363;13.0393;8.3725;19.1865;1.22;20.2972;4.8905;0.0;0.0;2.5238;23.9534;10.8557;22.811;0.0;27.979;32.6151;31.3389;29.4301;27.0614;5.5663;21.4869;28.7985;24.0892;23.6905;28.6172;0.0;16.1171;15.3257;6.6287;37.4095;0.0;4.7745;49.1834;24.2713;21.6156;33.705;42.68;24.7026;33.8697;12.612;38.4815;19.7296;18.7292;4.9257;3.7621;0.0;36.8064;0.0;4.5841;12.5127;21.4081;15.3598;0.0;14.9604;0.0;21.1523;61.0994;17.6354;22.7765;23.6031;9.4812;21.2009;12.5391;14.2618;0.0;39.501;20.1402;9.9854;0.0;0.0;41.2834;42.2093;7.1745;6.8563;35.475;55.3673;25.6756;24.3371;27.8086;6.3872;5.6602;0.0;0.0;55.8113;62.0259;10.3566;0.0;12.8165;17.078;0.0;13.9791;24.5013;35.8231;49.4908;0.0
